Country Name,Country Code,Region,Income Group,1960,1961,1962,1963,1964,1965,1966,1967,1968,1969,1970,1971,1972,1973,1974,1975,1976,1977,1978,1979,1980,1981,1982,1983,1984,1985,1986,1987,1988,1989,1990,1991,1992,1993,1994,1995,1996,1997,1998,1999,2000,2001,2002,2003,2004,2005,2006,2007,2008,2009,2010,2011,2012,2013,2014,2015,2016,2017,2018,2019,2020,2021,2022
Aruba,ABW,Latin America & Caribbean,High income,64.2,64.5,64.8,65.1,65.3,65.5,66.1,66.4,66.8,67.2,67.6,68.0,68.6,69.1,69.5,69.8,70.0,70.3,70.5,70.8,71.1,71.7,72.0,72.1,72.3,72.4,72.5,72.8,73.0,73.0,73.1,73.1,73.2,73.2,73.3,73.3,73.4,73.5,73.5,73.6,73.6,73.6,73.7,73.8,73.6,73.8,74.0,74.2,74.1,74.6,75.4,75.5,75.5,75.6,75.6,75.7,75.6,75.9,76.1,76.2,75.7,74.6,75.0
Africa Eastern and Southern,AFE,,,44.1,44.4,44.8,44.9,45.5,45.5,45.2,45.9,46.2,46.4,46.7,47.2,46.9,47.7,47.6,47.8,48.3,48.6,48.8,49.3,49.6,50.1,50.3,48.7,48.7,49.0,49.6,50.1,49.4,50.7,50.6,50.4,50.0,50.3,50.9,51.0,50.8,51.0,50.3,51.2,52.0,52.2,52.5,53.0,53.5,54.2,55.2,55.9,56.7,57.6,58.4,59.3,60.1,60.7,61.3,61.9,62.4,62.9,63.4,63.8,63.3,62.5,62.9
Afghanistan,AFG,South Asia,Low income,32.5,33.1,33.5,34.0,34.5,35.0,35.5,35.9,36.4,36.9,37.4,37.9,38.4,39.0,39.6,40.1,40.6,41.2,40.3,39.1,39.6,40.2,37.8,38.2,33.3,33.6,39.4,39.8,44.0,45.2,46.0,46.7,47.6,51.5,51.5,52.5,53.2,53.6,52.9,54.8,55.3,55.8,56.5,57.3,57.9,58.4,58.7,59.1,59.9,60.4,60.9,61.4,61.9,62.4,62.5,62.7,63.1,63.0,63.1,63.6,62.6,62.0,62.9
Africa Western and Central,AFW,,,37.8,38.2,38.7,39.1,39.3,39.6,39.8,39.5,40.1,40.4,41.0,41.6,42.2,42.9,43.5,44.2,45.0,45.7,46.3,46.7,47.0,47.3,47.5,47.8,47.9,48.0,48.1,48.2,48.5,48.7,48.7,48.7,48.7,48.8,48.7,48.8,48.9,49.1,49.3,49.8,50.2,50.6,50.9,51.4,51.8,52.3,52.8,53.3,53.6,54.2,54.6,55.0,55.3,55.7,55.9,56.2,56.6,56.9,57.2,57.6,57.2,57.0,57.6
Angola,AGO,Sub-Saharan Africa,Lower middle income,38.2,37.3,37.5,37.8,38.1,38.5,38.8,39.1,39.5,39.8,40.2,40.6,40.9,41.3,41.7,41.2,41.2,41.4,41.8,42.2,42.4,42.8,43.1,42.1,42.4,42.6,42.8,40.9,41.5,41.8,41.9,43.8,42.2,42.1,43.4,45.8,46.0,46.3,45.1,45.4,46.0,46.6,47.4,49.6,50.6,51.6,52.4,53.6,54.6,55.8,56.7,57.6,58.6,59.3,60.0,60.7,61.1,61.7,62.1,62.4,62.3,61.6,61.9
Albania,ALB,Europe & Central Asia,Upper middle income,54.4,55.6,56.7,57.8,59.0,60.0,61.0,62.0,62.9,63.9,64.8,65.6,66.4,67.1,67.8,68.3,68.7,69.1,69.3,69.6,70.5,70.7,71.0,71.3,71.5,71.7,72.0,72.4,72.6,72.9,73.1,73.4,73.7,73.9,74.1,74.4,74.6,73.9,75.0,75.2,75.4,75.6,75.9,76.1,76.4,76.6,76.8,77.5,77.7,77.8,77.9,78.1,78.1,78.1,78.4,78.6,78.9,79.0,79.2,79.3,77.0,76.5,76.8
Andorra,AND,Europe & Central Asia,High income,,,,,,,,,,,,,,,,,,,,,,,,,,,,,,,,,,,,,,,,,,,,,,,,,,,,,,,,,,,,,,,
Arab World,ARB,,,45.0,45.7,46.1,47.0,47.9,48.2,48.5,48.9,49.4,49.8,50.4,51.3,51.9,52.5,53.2,53.7,54.0,55.4,56.1,56.8,57.3,57.7,58.1,58.8,59.5,60.2,61.2,61.2,60.6,62.5,62.9,63.2,63.5,64.5,65.5,65.3,65.7,66.0,65.8,66.9,67.3,67.6,67.9,67.9,67.9,68.2,68.6,68.9,69.3,69.8,70.0,70.3,70.2,70.2,70.5,70.8,70.9,71.4,71.6,71.8,70.9,70.8,71.2
United Arab Emirates,ARE,Middle East & North Africa,High income,48.8,49.7,50.7,51.6,52.8,54.0,55.2,56.3,57.5,58.8,60.0,61.2,62.3,63.4,64.3,65.1,65.8,66.5,67.2,67.8,68.5,69.1,69.7,69.9,70.5,70.7,71.0,71.5,71.6,71.8,71.9,72.2,72.3,72.5,72.6,72.7,72.8,72.9,73.1,73.7,74.4,74.6,74.9,76.2,76.5,76.7,76.9,77.1,77.5,78.0,78.3,78.5,78.7,78.9,79.0,79.2,79.3,79.5,79.6,79.7,78.9,78.7,79.2
Argentina,ARG,Latin America & Caribbean,Upper middle income,64.0,64.4,64.2,64.4,64.4,64.6,64.9,65.0,64.9,64.9,65.6,65.5,65.9,66.3,66.6,67.1,67.2,67.9,68.2,68.5,68.6,69.0,68.9,69.3,69.2,69.7,70.1,70.6,71.1,71.4,71.8,72.3,72.4,72.6,73.2,73.1,73.3,73.1,73.5,73.7,73.9,74.2,74.4,74.1,74.9,75.1,75.4,75.0,75.6,75.9,75.7,76.1,76.5,76.5,76.8,76.8,76.3,76.8,77.0,77.3,75.9,75.4,76.1
Armenia,ARM,Europe & Central Asia,Upper middle income,61.4,61.8,62.1,62.2,62.4,62.8,62.9,63.2,63.3,63.7,63.9,64.2,64.5,64.6,64.8,65.0,65.2,65.4,65.7,66.0,66.2,66.6,66.9,67.2,67.5,67.9,68.2,68.1,53.9,68.7,68.8,68.6,68.6,68.8,69.1,69.3,69.8,69.9,70.5,70.3,70.6,70.9,71.0,71.4,71.4,71.8,72.0,72.3,72.4,72.8,73.2,73.3,73.5,73.7,74.1,74.4,74.7,74.9,75.1,75.4,72.2,72.0,73.4
American Samoa,ASM,East Asia & Pacific,High income,,,,,,,,,,,,,,,,,,,,,,,,,,,,,,,,,,,,,,,,,,,,,,,,,,,,,,,,,,,,,,,
Antigua and Barbuda,ATG,Latin America & Caribbean,High income,61.6,62.4,63.2,64.1,65.1,66.0,67.0,67.9,68.7,69.5,70.1,70.7,71.0,71.3,71.7,72.0,72.4,72.5,72.9,73.0,73.2,73.3,73.5,73.5,73.5,73.6,73.6,73.6,73.5,73.4,73.5,73.4,73.4,73.5,73.6,73.6,73.8,74.0,74.0,74.3,74.6,75.1,75.5,75.5,75.7,75.8,75.8,76.1,76.4,76.7,76.8,77.1,77.4,77.6,77.9,77.9,78.2,78.3,78.5,78.7,78.8,78.5,79.2
Australia,AUS,East Asia & Pacific,High income,70.8,71.0,70.9,70.9,70.9,70.9,70.8,70.9,70.9,71.0,71.0,71.1,71.5,71.8,72.2,72.6,73.0,73.3,73.7,74.0,74.3,74.7,74.9,75.1,75.4,75.6,75.9,76.2,76.4,76.7,77.0,77.3,77.4,77.9,77.9,77.8,78.1,78.5,78.6,78.9,79.2,79.6,79.9,80.2,80.5,80.8,81.0,81.3,81.4,81.5,81.7,81.9,82.0,82.1,82.3,82.4,82.4,82.5,82.7,82.9,83.2,83.3,83.2
Austria,AUT,Europe & Central Asia,High income,68.6,69.6,69.3,69.4,69.9,69.7,70.0,69.9,70.1,69.8,69.9,70.1,70.5,71.0,71.0,71.1,71.6,71.9,72.0,72.3,72.5,72.8,73.0,73.0,73.6,73.8,74.3,74.8,75.2,75.3,75.6,75.6,75.8,76.1,76.4,76.7,76.9,77.3,77.7,77.9,78.1,78.6,78.7,78.6,79.2,79.3,79.9,80.2,80.4,80.3,80.6,81.0,80.9,81.1,81.5,81.2,81.6,81.6,81.7,81.9,81.2,81.2,81.1
Azerbaijan,AZE,Europe & Central Asia,Upper middle income,55.8,56.2,56.5,56.9,57.2,57.6,57.7,58.0,58.4,58.6,59.0,59.4,59.8,60.0,60.2,60.3,60.5,60.6,60.7,60.9,61.1,61.3,61.4,62.0,62.0,62.1,62.2,62.6,62.7,62.6,62.4,62.1,61.3,61.3,61.6,62.3,62.6,63.0,63.6,64.2,64.9,65.5,66.2,66.8,67.3,67.6,68.2,68.6,68.8,69.4,69.5,70.0,70.4,70.9,71.1,71.5,72.0,72.2,72.8,73.1,66.9,69.4,73.5
Burundi,BDI,Sub-Saharan Africa,Low income,43.0,43.3,43.4,43.7,44.0,42.0,43.5,43.3,43.4,42.9,43.0,43.0,25.6,37.3,43.0,43.0,43.1,43.5,43.8,44.6,45.4,46.4,47.3,48.1,48.5,48.5,48.2,47.5,43.0,45.6,44.9,44.2,43.9,37.1,44.1,44.1,44.4,45.4,46.6,47.5,47.5,48.4,49.9,50.9,52.0,53.0,53.9,54.7,55.7,56.4,57.1,57.8,58.5,59.2,59.9,60.2,60.8,61.6,61.7,62.4,61.6,61.7,62.0
Belgium,BEL,Europe & Central Asia,High income,69.7,70.5,70.2,70.1,70.8,70.6,70.7,71.0,70.7,70.8,71.0,71.1,71.4,71.6,72.0,72.0,72.1,72.8,72.7,73.2,73.2,73.6,73.9,73.9,74.4,74.5,74.7,75.4,75.6,75.6,76.1,76.2,76.4,76.3,76.7,76.8,77.2,77.4,77.5,77.6,77.7,78.0,78.1,78.1,78.9,79.0,79.4,79.8,79.7,80.0,80.2,80.6,80.4,80.6,81.3,81.0,81.4,81.5,81.6,82.0,80.7,81.8,81.7
Benin,BEN,Sub-Saharan Africa,Lower middle income,38.2,38.5,38.9,39.3,39.8,40.2,40.6,41.1,41.5,41.8,42.2,42.6,43.2,43.6,44.1,44.7,45.5,46.2,47.0,47.4,47.9,48.3,48.8,49.3,49.7,50.4,51.1,51.7,52.3,52.7,53.3,53.6,54.1,54.5,54.9,55.3,55.6,56.0,56.2,56.5,56.6,56.7,56.6,56.7,56.8,57.1,57.5,57.7,57.9,58.0,58.4,58.5,58.7,59.0,59.1,59.4,59.5,59.9,60.1,60.5,60.1,59.8,60.0
Burkina Faso,BFA,Sub-Saharan Africa,Low income,35.9,36.2,36.7,37.0,37.3,37.7,37.9,38.3,38.5,38.9,39.2,39.6,40.1,40.5,41.4,42.3,43.2,44.1,45.1,45.9,46.5,46.9,47.6,48.1,48.6,48.9,49.0,49.1,49.1,49.2,49.4,49.5,49.4,49.2,49.3,49.4,49.6,49.4,50.0,50.3,50.8,51.1,51.3,51.8,52.4,53.1,53.7,54.4,55.3,56.0,56.5,57.1,57.6,57.8,58.4,58.8,59.3,59.5,60.0,60.0,59.7,59.3,59.8
Bangladesh,BGD,South Asia,Lower middle income,44.7,45.7,46.7,46.7,47.7,46.9,48.6,48.9,49.1,49.2,42.6,26.0,49.6,49.8,49.2,50.3,50.6,51.2,51.3,51.5,51.9,52.2,52.5,53.0,53.5,53.9,54.4,54.9,55.0,55.1,56.0,54.2,57.6,57.9,58.6,59.5,59.5,61.4,63.9,66.2,65.8,66.1,66.6,66.8,67.2,67.3,67.2,66.7,67.1,67.4,68.6,68.8,69.6,69.6,70.0,70.5,71.1,71.8,72.6,72.8,72.0,72.4,73.7
Bulgaria,BGR,Europe & Central Asia,High income,69.2,70.2,69.5,70.3,71.1,71.3,71.2,70.4,71.2,70.4,71.3,70.9,70.9,71.3,71.2,71.0,71.4,70.8,71.2,71.3,71.2,71.6,71.2,71.4,71.5,71.2,71.7,71.5,71.6,71.7,71.6,71.6,71.5,71.3,71.2,71.1,70.9,70.4,71.1,71.4,71.7,71.8,71.9,72.1,72.6,72.6,72.6,72.7,73.0,73.4,73.5,74.2,74.3,74.9,74.5,74.6,74.8,74.8,75.0,75.1,73.7,71.5,74.4
Bahrain,BHR,Middle East & North Africa,High income,50.3,52.1,53.7,55.3,56.8,58.2,59.7,61.0,62.3,63.5,64.5,65.6,66.4,67.2,67.9,68.5,69.1,69.6,70.0,70.5,70.8,71.2,71.5,71.7,72.0,72.1,72.3,72.4,72.4,72.6,72.7,72.8,73.0,73.4,73.5,73.8,74.4,74.5,74.6,75.0,75.5,75.9,76.1,76.3,76.6,76.9,77.2,77.6,78.1,78.5,78.7,78.9,79.1,79.2,79.3,79.4,79.6,79.7,79.9,80.0,79.2,78.8,79.2
"Bahamas, The",BHS,Latin America & Caribbean,High income,62.9,63.2,63.4,63.7,64.1,64.4,64.7,64.9,65.3,65.6,65.9,66.2,66.4,66.5,67.0,67.2,67.8,67.9,67.6,67.4,67.5,67.7,68.4,69.2,69.4,69.3,69.3,68.9,69.2,69.6,70.1,69.6,70.7,70.7,70.9,70.8,70.7,71.1,71.5,71.8,72.0,72.1,72.2,72.4,72.5,72.8,72.9,72.7,72.7,72.6,72.7,72.6,72.8,73.0,73.4,73.1,73.5,73.6,73.8,71.2,72.7,71.6,74.4
Bosnia and Herzegovina,BIH,Europe & Central Asia,Upper middle income,61.0,61.9,62.5,63.3,63.9,64.6,65.2,65.6,65.9,66.2,66.7,67.2,67.7,68.2,68.9,69.4,69.6,70.0,70.1,70.3,70.5,70.7,70.9,71.1,71.0,70.8,71.2,71.7,71.8,71.8,72.3,72.1,51.8,51.5,67.2,70.3,73.4,73.7,73.9,75.1,74.5,75.1,74.6,75.8,76.1,75.4,76.2,76.2,76.8,77.0,77.1,77.0,77.2,76.3,75.7,76.2,76.8,76.9,77.1,77.2,76.2,75.3,75.3
Belarus,BLR,Europe & Central Asia,Upper middle income,69.3,69.7,69.5,69.7,70.6,70.6,70.8,70.9,70.8,71.0,70.7,71.0,70.8,71.0,70.9,70.5,70.4,70.3,70.1,69.9,69.9,69.9,70.1,69.8,69.6,71.0,71.5,71.0,71.3,71.5,70.8,70.4,70.0,69.0,68.8,68.5,68.5,68.5,68.4,67.9,68.9,68.5,68.1,68.6,69.0,68.9,69.4,70.2,70.5,70.4,70.4,70.6,72.0,72.5,73.0,73.6,73.8,74.1,74.2,74.2,72.5,72.4,73.1
Belize,BLZ,Latin America & Caribbean,Upper middle income,58.2,53.4,59.0,59.6,60.1,60.6,61.0,61.5,62.2,62.8,63.5,64.2,64.5,64.6,65.0,65.9,66.3,66.5,66.9,67.4,67.8,68.1,68.0,68.1,68.6,69.5,69.7,70.2,70.8,70.7,70.7,70.2,70.0,70.0,70.3,69.9,69.8,69.2,68.6,68.8,68.6,68.4,68.8,68.9,69.2,69.4,70.1,70.7,71.2,71.8,72.3,72.7,73.2,73.7,73.3,73.2,73.4,73.6,73.7,73.9,72.9,70.5,71.0
Bermuda,BMU,North America,High income,67.2,64.1,63.8,63.8,67.6,67.8,63.4,68.4,68.5,68.2,69.5,68.5,70.0,71.9,72.4,72.6,71.9,72.1,72.9,73.3,73.5,73.7,73.7,74.1,74.5,73.3,73.4,74.0,74.9,74.3,74.5,74.9,73.8,74.5,73.6,76.1,78.2,78.0,79.9,79.1,78.9,79.9,80.6,79.3,81.1,77.9,77.6,79.4,78.6,80.0,80.5,81.4,81.3,80.0,79.5,80.9,80.6,82.4,80.8,81.0,81.1,79.3,81.6
Bolivia,BOL,Latin America & Caribbean,Lower middle income,43.1,43.4,43.8,44.1,44.4,44.7,45.1,45.4,45.8,46.2,46.6,47.1,47.5,48.0,48.4,48.8,49.3,49.7,50.2,50.7,51.2,51.6,52.1,52.4,53.0,53.4,53.9,54.5,55.2,55.8,56.4,57.1,57.6,58.4,59.0,59.5,60.1,60.8,61.3,61.9,62.3,62.8,63.3,63.6,64.0,64.4,64.8,65.0,65.4,65.9,66.2,66.5,66.7,67.0,67.2,67.3,67.6,67.7,67.7,67.8,64.5,63.6,64.9
Brazil,BRA,Latin America & Caribbean,Upper middle income,52.7,53.2,53.7,54.2,54.6,55.1,55.5,55.9,56.3,56.7,57.2,57.6,58.0,58.5,58.9,59.4,59.8,60.2,60.7,61.3,61.8,62.3,62.9,63.3,63.8,64.2,64.6,65.1,65.5,65.9,66.0,66.3,66.7,67.1,67.6,67.9,68.4,68.8,69.2,69.5,69.7,70.2,70.4,70.7,71.1,71.8,72.0,72.4,72.7,72.9,73.2,73.3,73.6,73.9,74.3,74.3,74.4,74.8,75.1,75.3,74.0,72.8,73.4
Barbados,BRB,Latin America & Caribbean,High income,64.6,65.3,65.9,66.5,67.0,67.4,67.8,67.9,68.1,68.4,68.3,68.6,68.9,69.2,69.5,69.9,70.2,70.7,71.1,71.5,71.9,72.1,72.3,72.5,72.6,72.5,72.6,72.7,72.7,72.7,72.8,72.8,72.9,73.2,73.2,73.3,73.5,73.5,73.7,74.0,74.1,74.2,74.4,74.5,74.7,74.9,75.1,75.3,75.4,75.7,75.7,75.9,76.1,76.3,76.5,76.7,76.8,76.9,77.1,77.3,77.4,77.6,77.7
Brunei Darussalam,BRN,East Asia & Pacific,High income,56.8,57.8,57.7,59.8,60.6,61.2,62.0,62.5,63.0,63.6,64.1,64.7,65.4,66.0,66.5,67.1,67.6,68.1,68.5,68.9,69.2,69.5,69.8,70.1,70.4,70.6,70.8,71.0,71.2,71.4,71.7,71.9,72.1,72.3,72.6,72.8,73.1,73.4,73.6,73.9,74.1,74.3,74.4,74.6,74.7,74.7,74.8,74.8,74.8,74.8,74.8,74.9,74.8,74.8,74.8,74.8,74.7,74.7,74.7,74.7,74.8,74.6,74.6
Bhutan,BTN,South Asia,Lower middle income,33.5,33.9,34.5,35.0,35.6,36.2,36.9,37.6,38.3,39.1,40.0,40.8,41.6,42.5,43.3,44.1,44.9,45.8,46.6,47.4,48.2,49.0,49.9,50.6,51.4,52.1,52.9,53.7,54.5,55.3,56.0,56.6,57.4,58.1,58.6,59.5,60.2,60.9,61.5,62.2,62.0,63.4,64.1,64.7,65.3,65.8,66.4,67.0,67.5,67.9,68.4,68.9,69.3,69.7,70.0,70.3,70.6,70.8,71.1,71.4,71.6,71.8,72.2
Botswana,BWA,Sub-Saharan Africa,Upper middle income,50.4,50.9,51.4,51.9,52.3,52.8,53.3,53.7,54.2,54.7,55.2,55.7,56.3,56.9,57.4,58.0,58.6,59.2,59.7,60.2,60.6,61.1,61.6,62.0,62.4,62.6,62.7,62.5,61.8,61.4,60.5,59.5,58.3,57.7,56.2,55.1,54.4,53.4,52.5,51.7,51.0,50.7,50.6,50.9,51.6,52.6,53.9,55.7,57.1,58.3,60.0,60.5,60.8,62.0,62.6,63.8,65.5,66.8,65.4,65.5,65.6,61.1,65.9
Central African Republic,CAF,Sub-Saharan Africa,Low income,39.2,39.7,40.3,40.8,41.3,41.9,42.5,43.2,43.8,44.4,45.1,45.7,46.3,46.9,47.4,47.9,48.4,48.8,49.2,49.6,49.9,50.2,50.3,50.4,50.5,50.5,50.5,50.4,50.2,50.0,49.6,49.3,48.8,48.4,47.9,47.4,46.8,46.3,46.0,45.8,45.4,45.4,45.4,45.8,46.0,46.4,46.9,47.4,48.0,48.6,49.3,49.9,50.7,50.9,50.6,52.8,53.5,53.7,54.4,55.0,54.6,53.9,54.5
Canada,CAN,North America,High income,71.1,71.3,71.4,71.4,71.8,71.9,72.0,72.2,72.4,72.5,72.7,73.0,72.9,73.2,73.2,73.5,73.9,74.2,74.5,74.9,75.1,75.5,75.7,76.1,76.3,76.3,76.5,76.8,76.9,77.1,77.4,77.6,77.8,77.7,77.9,78.0,78.2,78.4,78.6,78.8,79.2,79.4,79.5,79.7,80.0,80.1,80.5,80.5,80.7,81.1,81.3,81.5,81.7,81.7,81.8,81.8,81.9,81.8,81.8,82.2,81.7,81.6,81.3
Central Europe and the Baltics,CEB,,,67.9,68.2,67.7,68.7,69.2,69.3,69.8,69.3,69.6,69.1,69.3,69.5,70.0,70.1,70.4,70.2,70.3,70.2,70.1,70.2,69.9,70.4,70.5,70.4,70.3,70.3,70.6,70.6,70.9,70.7,70.7,70.6,70.7,70.8,70.9,71.0,71.3,71.5,71.9,72.2,72.7,73.1,73.2,73.4,73.7,73.8,74.1,74.3,74.6,74.9,75.3,75.9,76.0,76.4,76.7,76.6,77.0,76.9,77.0,77.3,76.1,74.8,76.8
Switzerland,CHE,Europe & Central Asia,High income,71.3,71.6,71.2,71.2,72.1,72.2,72.3,72.6,72.6,72.6,73.0,73.1,73.6,73.9,74.3,74.7,74.8,75.2,75.2,75.5,75.5,75.7,76.0,76.0,76.6,76.7,76.9,77.2,77.2,77.4,77.2,77.5,77.8,78.1,78.4,78.4,78.9,79.1,79.3,79.6,79.7,80.2,80.4,80.5,81.1,81.2,81.5,81.7,82.0,82.0,82.2,82.7,82.7,82.8,83.2,82.9,83.6,83.6,83.8,83.9,83.0,83.8,83.5
Channel Islands,CHI,Europe & Central Asia,High income,71.5,69.7,72.0,70.3,72.5,72.0,72.4,73.2,71.2,71.5,71.2,71.7,71.9,72.1,72.2,71.7,72.6,72.8,73.2,72.5,73.4,73.9,74.9,74.0,76.1,75.3,75.6,76.6,77.0,77.2,77.2,76.6,78.1,76.5,78.0,77.7,78.0,78.2,78.9,78.9,79.2,79.3,78.9,79.6,80.1,80.3,80.7,81.2,81.3,81.0,81.1,81.7,81.3,81.5,81.9,81.4,81.4,81.3,81.4,81.4,81.3,81.2,81.6
Chile,CHL,Latin America & Caribbean,High income,57.0,57.5,57.8,57.2,58.7,59.5,59.7,60.7,61.6,61.9,62.5,62.7,62.3,63.9,64.9,66.3,65.9,67.4,68.1,68.2,68.8,69.9,70.3,70.0,70.5,71.2,71.8,72.5,72.5,72.5,72.6,73.6,74.1,74.2,74.6,74.6,74.9,75.6,75.7,76.0,76.9,76.8,77.4,77.4,77.6,78.0,78.3,77.8,78.5,78.7,78.5,79.1,79.0,79.3,79.5,79.7,80.1,80.4,80.1,80.3,79.4,78.9,79.5
China,CHN,East Asia & Pacific,Upper middle income,33.3,40.5,50.8,51.4,52.2,52.9,53.6,54.4,55.1,55.7,56.6,57.6,58.4,59.4,60.2,60.9,61.8,62.5,63.2,63.9,64.4,65.0,65.5,65.9,66.3,66.6,67.0,67.3,67.6,67.8,68.0,68.2,68.7,69.2,69.5,70.0,70.3,70.7,71.2,71.4,71.9,72.6,73.0,73.4,73.7,74.1,74.5,74.8,74.9,75.3,75.6,75.9,76.2,76.5,76.7,77.0,77.2,77.2,77.7,78.0,78.1,78.2,78.6
Cote d'Ivoire,CIV,Sub-Saharan Africa,Lower middle income,38.1,38.7,39.4,40.0,40.6,41.2,41.8,42.4,43.0,43.6,44.3,45.0,45.7,46.6,47.5,48.3,49.3,50.2,50.9,51.7,52.3,52.7,52.9,53.2,53.0,53.2,53.2,53.2,53.0,52.9,52.6,52.3,52.1,51.9,51.7,51.6,51.5,51.4,51.1,51.0,50.8,50.8,50.9,51.0,51.4,51.8,52.4,53.0,53.7,54.4,55.0,55.5,56.2,56.7,57.2,57.8,58.1,58.5,58.8,59.3,59.0,58.6,58.9
Cameroon,CMR,Sub-Saharan Africa,Lower middle income,34.8,35.4,42.5,42.9,43.3,43.9,44.4,45.2,46.0,46.8,47.6,48.3,48.9,49.3,49.6,49.7,49.9,50.0,50.3,50.6,51.0,51.5,52.1,52.8,53.2,53.9,54.0,54.7,54.9,54.9,54.9,54.7,54.5,54.1,53.5,53.2,52.8,52.7,52.6,52.7,52.9,53.1,53.4,53.9,54.2,54.4,54.9,55.2,55.7,56.1,56.6,57.1,57.8,58.5,58.9,59.7,60.2,60.8,61.2,61.6,60.8,60.3,61.0
"Congo, Dem. Rep.",COD,Sub-Saharan Africa,Low income,40.9,40.2,40.3,40.6,40.1,40.7,42.1,42.3,42.7,43.0,43.3,43.7,43.9,44.1,44.4,44.5,44.7,44.8,44.5,45.2,45.5,45.7,45.9,46.2,46.4,46.6,46.9,47.3,47.8,48.2,48.6,48.9,49.2,49.6,49.9,50.4,49.3,50.4,49.7,49.9,51.8,52.1,52.3,52.8,53.4,53.9,54.5,54.9,55.3,55.8,56.4,57.1,57.2,57.8,58.3,58.5,59.1,59.4,59.9,60.3,59.7,59.2,59.7
"Congo, Rep.",COG,Sub-Saharan Africa,Lower middle income,48.0,48.7,49.5,50.1,50.7,51.2,51.8,52.1,52.7,53.2,53.6,54.0,54.4,54.7,55.1,55.3,55.6,55.8,56.1,56.3,56.6,56.8,57.0,57.2,57.5,57.5,57.6,57.4,57.0,56.5,55.9,55.2,54.7,54.1,53.7,53.6,53.5,47.2,50.9,52.8,53.7,54.4,55.1,55.9,57.0,58.1,58.9,59.6,60.4,61.1,61.7,62.0,62.3,62.7,63.0,63.2,63.6,63.8,64.1,62.7,63.8,63.5,63.1
Colombia,COL,Latin America & Caribbean,Upper middle income,57.1,57.7,58.3,58.9,59.4,59.8,60.2,60.5,60.9,61.2,61.6,62.1,62.6,63.1,63.6,64.3,64.8,65.4,66.0,66.4,66.9,67.2,67.5,67.7,68.0,66.3,68.3,68.3,68.4,68.5,68.6,68.8,69.0,69.3,69.6,69.9,70.2,70.5,70.7,70.9,71.3,71.5,71.9,72.4,72.7,73.1,73.5,73.8,74.3,74.7,75.0,75.3,75.6,75.8,76.0,76.3,76.5,76.6,76.7,76.8,74.8,72.8,73.7
Comoros,COM,Sub-Saharan Africa,Lower middle income,39.7,40.1,40.6,40.9,41.3,41.7,42.1,42.8,43.5,44.2,44.9,45.6,46.3,46.9,47.5,46.6,48.5,49.0,49.7,50.3,50.8,51.3,51.9,52.3,52.9,53.5,54.0,54.4,55.0,55.2,55.8,56.2,56.7,57.3,57.7,58.0,58.3,58.4,58.4,58.8,58.8,59.2,59.1,59.3,59.5,59.6,59.9,60.1,60.5,60.8,61.1,61.5,61.8,62.2,62.5,62.9,63.2,63.6,63.9,64.1,64.2,63.4,63.7
Cabo Verde,CPV,Sub-Saharan Africa,Lower middle income,49.4,50.0,50.4,50.9,51.3,51.8,52.4,52.7,53.2,53.7,54.3,54.8,55.3,56.0,56.8,57.9,58.7,59.6,60.3,60.9,61.4,61.6,61.7,61.7,61.7,62.2,62.7,63.4,64.1,64.4,65.0,65.2,65.3,65.3,65.3,64.1,65.8,66.4,67.0,67.6,68.6,69.9,70.7,71.4,72.0,72.7,72.2,72.8,72.5,73.1,73.5,74.3,74.5,75.1,75.2,74.6,75.7,76.6,75.7,76.0,74.8,74.1,74.7
Costa Rica,CRI,Latin America & Caribbean,Upper middle income,60.4,60.9,61.1,61.6,62.1,62.7,63.4,63.9,64.4,65.0,65.4,66.3,66.7,68.0,68.5,69.4,70.3,71.3,72.2,72.4,72.9,73.8,74.7,75.1,75.1,75.1,75.5,75.7,76.1,76.3,76.6,76.6,76.6,76.7,76.7,76.6,76.8,77.1,76.9,77.1,77.6,77.5,78.0,78.1,78.3,78.5,78.5,78.5,78.4,78.7,78.7,79.3,79.3,79.4,78.8,79.1,79.5,79.4,79.5,79.4,79.3,77.0,77.3
Caribbean small states,CSS,,,59.1,59.5,60.4,60.9,61.6,61.9,62.2,62.5,62.8,63.1,63.3,63.4,63.6,63.8,64.1,64.4,64.6,64.8,65.0,65.1,65.4,65.6,65.8,65.9,66.3,66.4,66.5,66.6,66.8,67.0,67.2,67.3,67.5,67.8,67.9,67.9,68.0,68.0,68.2,68.3,68.5,68.7,68.8,68.8,69.2,69.5,69.9,70.3,70.6,70.9,71.1,71.2,71.4,71.5,71.6,71.9,72.2,72.4,72.7,72.4,72.3,70.5,71.0
Cuba,CUB,Latin America & Caribbean,Upper middle income,64.2,64.5,65.0,64.9,65.9,66.3,66.7,67.1,67.5,67.9,68.4,68.9,69.5,70.0,70.6,71.1,71.5,71.9,72.2,72.4,72.8,72.9,73.1,73.3,73.5,73.6,73.7,73.8,73.9,74.0,74.0,74.1,74.2,74.3,74.4,74.6,74.9,75.2,75.6,75.9,76.2,76.4,76.6,76.8,76.9,77.0,77.2,77.3,77.4,77.5,77.7,77.8,77.8,77.9,77.9,77.8,77.6,77.5,77.5,77.6,77.6,73.7,78.2
Curacao,CUW,Latin America & Caribbean,High income,65.8,65.9,66.2,66.5,66.7,66.9,67.2,67.5,67.7,67.9,68.3,68.5,68.8,69.2,69.5,69.6,70.0,70.2,70.4,70.7,70.9,71.0,71.1,71.3,71.3,71.6,71.7,72.0,72.0,71.9,72.3,72.3,72.4,72.5,72.6,72.6,72.7,72.8,72.9,72.9,73.0,73.1,73.2,73.4,73.4,73.6,74.7,75.4,75.3,76.2,,77.5,77.5,77.8,78.0,78.1,77.7,78.0,,,,,
Cayman Islands,CYM,Latin America & Caribbean,High income,,,,,,,,,,,,,,,,,,,,,,,,,,,,,,,,,,,,,,,,,,,,,,,,,,,82.2,,,,,,,,,,,82.0,
Cyprus,CYP,Europe & Central Asia,High income,64.2,64.8,65.4,62.3,62.8,67.1,67.5,67.9,68.3,68.5,68.9,69.3,69.8,70.2,55.2,70.5,71.0,71.3,71.8,71.9,72.0,71.9,72.0,72.3,72.3,72.6,72.7,73.1,73.1,73.5,73.5,73.7,74.2,74.7,74.7,75.1,75.5,75.8,76.2,76.3,76.6,77.0,77.5,77.8,77.9,78.1,78.4,78.8,79.0,79.4,79.7,80.0,80.1,80.4,80.8,81.0,81.1,81.3,81.4,81.4,81.4,81.2,81.9
Czechia,CZE,Europe & Central Asia,High income,70.3,70.5,69.8,70.3,70.5,70.2,70.4,70.3,69.8,69.4,69.4,69.7,70.2,70.0,70.1,70.4,70.5,70.6,70.6,70.7,70.3,70.7,70.8,70.6,70.8,71.0,71.0,71.4,71.6,71.7,71.4,71.9,72.3,72.8,73.0,73.1,73.7,73.8,74.5,74.7,75.0,75.2,75.2,75.2,75.7,75.9,76.5,76.7,77.0,77.1,77.4,77.9,78.1,78.2,78.8,78.6,79.0,79.0,79.0,79.2,78.2,77.2,79.0
Germany,DEU,Europe & Central Asia,High income,69.1,69.6,69.8,69.9,70.4,70.4,70.5,70.7,70.4,70.2,70.4,70.7,70.9,71.1,71.4,71.3,71.7,72.3,72.3,72.6,72.8,73.0,73.3,73.6,74.1,74.2,74.4,74.8,75.0,75.2,75.1,75.3,75.8,75.9,76.3,76.4,76.7,77.1,77.5,77.7,77.9,78.3,78.2,78.4,78.7,78.9,79.1,79.5,79.7,79.8,80.0,80.4,80.5,80.5,81.1,80.6,81.0,81.0,80.9,81.3,81.0,80.8,80.7
Djibouti,DJI,Middle East & North Africa,Lower middle income,43.4,43.7,44.1,44.4,44.7,45.1,45.5,45.9,46.4,47.0,47.5,47.4,48.5,49.1,49.5,49.9,50.1,50.6,51.0,51.5,51.9,52.3,52.8,53.2,53.7,54.1,54.5,54.8,55.2,55.3,55.5,55.2,54.5,55.8,55.5,56.3,56.2,56.0,56.2,56.4,56.6,56.9,57.2,57.6,57.8,58.3,58.7,59.0,59.4,59.7,60.3,60.4,60.8,61.2,61.6,62.0,62.2,62.8,63.0,63.1,62.7,62.3,62.9
Dominica,DMA,Latin America & Caribbean,Upper middle income,59.0,59.9,61.7,58.7,64.5,64.6,63.5,65.0,64.4,63.7,65.5,64.3,67.1,68.0,68.8,69.2,69.0,68.8,70.4,71.0,71.8,73.2,73.0,73.5,72.0,71.3,71.3,70.9,71.4,69.6,69.9,69.6,70.3,70.9,71.1,71.5,71.2,71.6,71.5,70.6,72.7,71.7,72.3,71.4,72.4,72.3,72.8,71.9,73.3,72.2,71.6,69.7,70.5,68.9,69.4,68.7,70.1,67.5,73.6,73.6,73.6,72.8,73.0
Denmark,DNK,Europe & Central Asia,High income,72.2,72.4,72.3,72.4,72.5,72.4,72.4,72.9,73.1,73.2,73.3,73.4,73.4,73.7,73.8,74.1,73.7,74.6,74.4,74.2,74.1,74.2,74.6,74.4,74.6,74.4,74.6,74.7,74.8,74.8,74.8,75.2,75.2,75.1,75.4,75.2,75.6,75.9,76.1,76.3,76.6,76.8,76.9,77.1,77.5,77.8,78.1,78.2,78.4,78.6,79.1,79.8,80.1,80.3,80.7,80.7,80.9,81.1,81.0,81.5,81.6,81.4,81.3
Dominican Republic,DOM,Latin America & Caribbean,Upper middle income,50.3,50.8,51.4,51.8,52.5,50.9,53.7,54.3,54.9,55.5,56.1,56.8,57.4,58.0,58.7,59.2,59.8,60.3,60.8,60.8,61.8,62.2,62.6,63.1,63.6,64.1,64.7,65.3,66.0,66.5,67.1,67.6,68.1,68.5,68.8,69.0,69.1,69.2,69.1,69.3,69.4,69.6,69.9,70.3,70.3,70.9,71.2,71.4,71.7,71.9,72.1,72.2,72.5,72.7,72.9,73.0,73.0,73.1,73.2,73.6,72.9,72.6,74.2
Algeria,DZA,Middle East & North Africa,Upper middle income,40.5,40.5,39.3,42.9,42.8,42.7,42.5,42.6,42.6,42.8,43.2,43.7,44.3,45.1,46.0,47.0,48.0,49.2,50.4,51.8,53.3,55.3,57.4,59.5,61.7,63.6,65.2,65.8,67.0,67.1,67.4,67.7,67.8,67.7,67.4,67.5,68.7,69.2,69.5,70.0,70.5,70.8,71.2,71.3,71.8,72.1,72.3,72.6,72.9,73.6,73.8,74.1,74.2,74.6,75.1,75.6,75.7,75.7,76.1,76.5,74.5,76.4,77.1
East Asia & Pacific (excluding high income),EAP,,,37.8,43.4,51.1,51.6,52.4,52.3,53.5,54.3,54.8,55.5,56.2,57.1,57.7,58.6,59.3,60.1,60.9,61.6,62.3,62.9,63.4,63.9,64.4,64.8,65.2,65.6,66.0,66.3,66.6,66.9,67.1,67.4,67.9,68.4,68.6,68.9,69.2,69.6,70.0,70.2,70.6,71.2,71.5,71.9,72.0,72.6,72.9,73.1,73.1,73.6,73.9,74.1,74.4,74.6,74.9,75.1,75.3,75.4,75.8,76.0,75.9,75.5,76.2
Early-demographic dividend,EAR,,,46.9,47.4,47.8,48.2,48.7,47.7,48.7,49.4,50.4,50.8,50.8,50.2,52.0,52.5,52.9,53.3,53.9,54.5,55.0,55.6,56.1,56.6,57.0,57.5,58.1,58.6,59.0,59.6,60.0,60.5,60.8,61.1,61.6,61.9,62.2,62.6,62.9,63.3,63.7,64.1,64.5,64.8,65.2,65.5,65.7,66.2,66.6,66.9,67.1,67.5,67.9,68.3,68.7,69.1,69.5,69.9,70.2,70.5,70.8,71.0,70.0,68.5,69.3
East Asia & Pacific,EAS,,,41.6,46.6,53.3,53.8,54.5,54.5,55.5,56.4,56.8,57.4,58.0,58.9,59.4,60.3,60.9,61.6,62.3,63.1,63.6,64.2,64.7,65.2,65.7,66.0,66.4,66.8,67.2,67.5,67.7,68.1,68.3,68.5,69.0,69.4,69.7,69.9,70.2,70.6,71.0,71.2,71.6,72.1,72.5,72.9,73.0,73.4,73.8,74.0,74.0,74.5,74.7,75.0,75.2,75.5,75.7,75.9,76.1,76.2,76.6,76.8,76.8,76.4,76.9
Europe & Central Asia (excluding high income),ECA,,,61.3,61.6,61.8,62.2,62.6,62.7,62.9,63.0,63.2,63.3,63.4,63.7,64.0,64.2,64.4,64.6,64.7,64.9,65.1,65.2,65.7,65.9,66.2,66.4,66.6,66.9,67.6,67.9,67.9,68.3,68.3,68.1,67.4,67.0,67.3,67.3,67.6,67.9,68.4,68.4,68.9,69.2,69.5,69.8,70.0,70.1,70.4,70.7,71.0,71.5,71.9,72.1,72.5,72.9,73.2,73.3,73.6,73.9,74.1,74.3,72.7,72.6,74.1
Europe & Central Asia,ECS,,,67.5,67.8,67.6,68.0,68.5,68.5,68.7,68.7,68.6,68.4,68.9,69.1,69.3,69.4,69.7,69.6,69.7,70.0,70.0,70.1,70.3,70.6,70.9,70.9,71.0,71.2,71.8,72.0,72.1,72.2,72.2,72.2,71.9,71.5,71.7,71.8,72.2,72.6,72.9,72.9,73.1,73.4,73.5,73.6,74.1,74.2,74.7,75.1,75.3,75.7,76.0,76.5,76.6,77.0,77.3,77.2,77.6,77.8,77.9,78.2,77.0,76.7,77.8
Ecuador,ECU,Latin America & Caribbean,Upper middle income,53.4,53.9,54.4,54.9,55.3,55.7,55.9,56.2,56.5,56.7,57.2,57.6,58.2,58.8,59.5,60.2,60.9,61.6,62.2,62.7,63.2,63.7,64.1,64.5,65.2,65.8,66.5,67.3,68.1,68.7,69.3,69.6,70.1,70.3,70.8,71.0,71.4,71.7,72.0,72.5,72.8,73.2,73.6,74.0,74.3,74.5,74.7,74.8,75.0,75.2,75.4,75.7,76.1,76.4,76.6,76.8,76.8,77.0,77.1,77.3,72.2,73.7,77.9
"Egypt, Arab Rep.",EGY,Middle East & North Africa,Lower middle income,45.4,46.0,46.8,47.7,48.5,49.1,49.5,49.5,49.9,49.8,50.0,50.4,50.8,50.9,51.8,52.6,53.4,54.1,55.0,55.8,56.6,57.1,57.9,58.9,59.7,60.5,61.3,62.1,63.0,63.6,64.1,64.8,65.0,65.5,65.8,66.3,66.7,67.2,67.5,67.7,68.0,68.3,68.6,68.4,68.6,68.8,69.0,69.1,69.3,69.5,69.7,69.9,70.1,70.1,70.4,70.5,70.8,71.3,71.4,71.4,71.0,70.2,70.2
Euro area,EMU,,,69.2,69.7,69.6,69.8,70.3,70.4,70.7,70.9,70.8,70.7,71.1,71.3,71.6,71.7,72.1,72.1,72.5,72.9,73.0,73.4,73.5,73.8,74.1,74.2,74.6,74.8,75.0,75.4,75.6,75.7,75.8,76.0,76.3,76.4,76.7,76.9,77.1,77.5,77.7,77.9,78.2,78.5,78.6,78.7,79.2,79.4,79.8,80.0,80.2,80.5,80.7,81.2,81.2,81.5,81.9,81.5,81.9,81.9,82.0,82.3,81.5,81.6,81.7
Eritrea,ERI,Sub-Saharan Africa,Low income,37.5,38.0,38.4,38.8,39.2,39.6,39.9,40.1,40.4,40.7,41.1,41.5,41.8,42.3,42.2,42.2,42.7,43.2,43.6,44.0,44.6,44.9,44.9,45.3,45.8,46.1,47.1,47.3,48.0,47.8,49.8,50.6,52.5,53.2,54.1,54.9,55.8,56.3,49.2,43.4,56.1,58.3,58.8,59.4,59.9,60.6,61.6,62.1,62.6,63.3,63.8,64.4,64.8,65.1,65.6,66.0,66.3,66.6,67.1,67.3,67.1,66.5,66.6
Spain,ESP,Europe & Central Asia,High income,69.1,69.5,69.5,69.7,70.4,70.8,71.1,71.3,71.5,71.1,72.0,71.6,72.8,72.6,73.0,73.3,73.6,74.1,74.3,74.8,75.3,75.5,76.1,75.9,76.3,76.3,76.5,76.7,76.7,76.8,76.8,77.0,77.4,77.5,77.9,78.0,78.1,78.6,78.7,78.7,79.0,79.4,79.6,79.6,79.9,80.2,80.8,80.9,81.2,81.5,81.6,82.5,82.4,83.1,83.2,82.8,83.3,83.3,83.4,83.8,82.3,83.2,83.1
Estonia,EST,Europe & Central Asia,High income,68.9,69.0,68.8,69.2,70.1,69.7,69.6,69.9,69.8,69.3,69.4,69.8,69.6,69.8,70.1,69.4,68.9,69.3,68.9,68.8,68.8,69.0,69.1,69.4,69.3,69.4,70.1,70.6,70.7,70.0,69.5,69.4,68.9,67.9,66.5,67.5,69.6,69.8,69.4,70.1,70.4,70.3,70.9,71.3,71.9,72.6,72.7,72.8,73.8,74.8,75.4,76.2,76.3,77.1,77.0,77.6,77.6,78.1,78.2,78.6,78.6,76.9,77.9
Ethiopia,ETH,Sub-Saharan Africa,Low income,40.3,41.0,41.4,42.0,42.3,42.4,40.2,42.7,42.8,42.8,42.8,42.9,41.6,41.6,39.5,39.4,41.9,41.9,41.9,42.8,43.2,43.6,43.8,36.0,36.4,37.4,37.8,45.4,45.1,45.0,44.6,46.1,46.9,47.4,47.9,48.3,48.9,49.5,49.9,49.4,50.5,51.0,51.5,52.5,53.2,54.0,55.1,56.4,57.6,58.8,59.7,60.7,61.5,62.4,62.9,63.6,64.4,64.8,65.4,65.8,65.4,65.0,65.6
European Union,EUU,,,69.0,69.4,69.3,69.6,70.2,70.3,70.6,70.6,70.6,70.4,70.8,71.0,71.4,71.5,71.8,71.8,72.1,72.4,72.5,72.8,72.8,73.1,73.4,73.4,73.7,73.8,74.1,74.3,74.5,74.7,74.7,74.8,75.1,75.3,75.5,75.7,75.9,76.2,76.5,76.7,77.1,77.4,77.5,77.6,78.1,78.3,78.7,78.9,79.1,79.4,79.6,80.1,80.2,80.5,80.9,80.6,81.0,80.9,81.0,81.3,80.5,80.3,80.8
Fragile and conflict affected situations,FCS,,,46.2,46.5,46.9,47.2,47.7,47.8,47.8,48.0,48.4,48.5,48.9,49.5,49.5,50.1,50.2,50.5,50.9,51.5,51.6,51.9,52.1,52.2,52.2,51.6,51.4,51.6,52.2,52.7,52.3,53.3,53.3,53.3,53.3,53.7,54.3,54.0,54.1,54.4,54.2,54.9,55.5,55.7,56.1,56.4,56.7,57.1,57.5,58.0,58.0,59.1,59.3,60.0,60.2,60.5,60.7,61.0,61.3,61.7,62.0,62.3,61.8,61.3,61.8
Finland,FIN,Europe & Central Asia,High income,68.8,68.8,68.6,69.0,69.2,69.0,69.5,69.7,69.6,69.5,70.2,70.0,70.7,71.2,71.1,71.7,71.8,72.4,72.9,73.2,73.4,73.7,74.3,74.2,74.5,74.2,74.6,74.6,74.6,74.8,74.8,75.2,75.5,75.7,76.4,76.4,76.7,76.9,77.1,77.3,77.5,78.0,78.1,78.4,78.7,78.8,79.2,79.3,79.6,79.7,79.9,80.5,80.6,81.0,81.2,81.5,81.4,81.6,81.7,82.0,81.9,81.9,81.2
Fiji,FJI,East Asia & Pacific,Upper middle income,57.6,58.2,58.9,59.6,60.2,60.8,61.2,61.6,61.8,61.5,61.7,61.8,61.8,61.0,61.7,61.9,62.0,62.3,62.5,62.9,62.7,62.7,62.8,63.3,63.9,64.5,64.7,64.9,65.1,65.3,65.5,65.6,65.8,65.9,66.1,66.3,66.4,66.4,66.7,66.8,66.3,66.3,65.7,66.2,66.4,66.6,66.9,66.8,66.9,67.1,67.3,67.5,67.6,67.4,67.4,66.8,67.2,67.8,67.8,67.9,67.9,67.1,68.3
France,FRA,Europe & Central Asia,High income,69.9,70.1,70.3,70.5,70.7,70.8,71.0,71.2,71.3,71.5,71.7,71.9,72.1,72.4,72.6,72.9,73.1,73.4,73.6,73.9,74.1,74.3,74.5,74.8,75.0,75.3,75.6,75.8,76.1,76.3,76.6,76.8,77.1,77.3,77.6,77.8,78.0,78.3,78.6,78.8,79.1,79.2,79.3,79.1,80.2,80.2,80.8,81.1,81.2,81.4,81.7,82.1,82.0,82.2,82.7,82.3,82.6,82.6,82.7,82.8,82.2,82.3,82.2
Faroe Islands,FRO,Europe & Central Asia,High income,,,,,,,,,,,,,,74.5,,,,,76.0,,,,,,,,75.3,75.5,75.7,75.9,76.1,76.4,76.6,76.9,77.2,77.4,77.6,77.8,78.0,78.2,78.4,78.6,78.8,78.9,79.1,79.3,79.6,80.0,80.1,80.3,80.6,80.9,81.2,81.4,81.6,81.8,82.0,82.2,82.5,82.6,82.9,83.1,83.3
"Micronesia, Fed. Sts.",FSM,East Asia & Pacific,Lower middle income,56.4,57.1,57.8,58.2,58.5,59.1,59.3,59.9,60.2,60.7,61.0,61.5,61.8,62.1,62.5,62.8,63.1,63.4,63.7,63.8,64.2,64.5,64.8,65.3,65.7,66.0,66.2,66.3,66.9,67.1,67.4,67.6,67.8,68.1,68.1,68.6,68.8,69.2,69.5,69.7,69.8,70.5,69.5,70.8,70.8,70.9,71.1,71.1,71.1,71.1,71.2,71.3,71.4,71.5,71.5,71.4,71.6,71.5,71.3,71.1,70.7,70.7,70.9
Gabon,GAB,Sub-Saharan Africa,Upper middle income,46.6,47.2,47.8,48.5,49.0,49.8,50.3,50.9,51.4,52.0,52.6,53.1,53.6,54.1,54.6,55.0,55.6,56.1,56.7,57.1,57.5,57.8,58.1,58.6,58.9,59.3,59.6,59.9,60.0,60.3,60.3,60.4,60.5,60.7,60.7,60.7,60.6,60.7,60.8,60.8,61.1,61.3,61.3,61.7,61.8,62.0,62.4,62.6,63.1,63.3,63.9,64.0,64.6,64.8,65.0,65.5,65.8,66.2,66.3,66.6,66.5,65.8,65.7
United Kingdom,GBR,Europe & Central Asia,High income,71.1,70.9,70.9,70.8,71.6,71.6,71.6,72.1,71.7,71.7,72.0,72.3,72.1,72.3,72.5,72.7,72.8,73.2,73.2,73.3,73.7,74.0,74.2,74.4,74.8,74.6,74.9,75.3,75.4,75.6,75.9,76.1,76.4,76.4,76.9,76.8,77.1,77.2,77.2,77.4,77.7,78.0,78.1,78.4,78.7,79.0,79.2,79.4,79.6,80.1,80.4,81.0,80.9,81.0,81.3,81.0,81.2,81.3,81.3,81.4,80.4,80.7,82.1
Georgia,GEO,Europe & Central Asia,Upper middle income,61.2,61.4,61.9,62.2,62.3,62.9,63.1,63.3,63.8,64.2,64.4,64.8,65.1,65.4,65.6,65.9,66.0,66.5,66.7,67.1,67.2,67.6,67.9,67.9,68.0,68.4,68.4,68.3,68.5,68.4,68.4,68.2,67.8,67.7,68.6,68.9,69.0,69.1,69.1,69.3,69.6,69.6,70.0,70.3,70.6,71.1,71.4,71.6,71.3,72.0,72.1,72.4,72.4,72.6,73.1,73.3,73.6,73.6,73.3,73.5,72.8,71.7,71.6
Ghana,GHA,Sub-Saharan Africa,Lower middle income,47.1,47.3,47.4,47.6,47.7,47.8,47.7,47.7,47.6,47.6,47.8,47.8,48.0,48.4,48.8,49.2,49.8,50.1,50.6,50.9,51.1,51.3,51.4,51.6,52.1,52.4,53.1,53.8,54.5,55.2,55.6,56.0,56.2,56.4,56.1,56.6,56.8,57.2,57.6,58.0,58.2,58.1,58.6,59.1,59.2,59.8,60.0,60.2,60.5,60.9,61.2,61.7,62.1,62.4,63.0,63.2,63.9,64.0,64.1,64.7,64.1,63.8,63.9
Gibraltar,GIB,Europe & Central Asia,High income,69.3,69.2,69.5,69.3,70.2,70.6,69.6,71.0,70.5,70.0,70.6,71.0,70.8,71.4,70.6,71.8,71.4,72.2,72.5,72.7,73.8,73.6,73.3,74.5,75.4,76.0,76.2,74.7,77.4,74.6,77.1,77.0,75.6,78.5,79.2,76.6,77.7,80.3,80.7,81.5,81.4,81.1,80.3,79.7,80.9,81.4,80.4,78.5,80.1,81.2,81.0,81.9,83.4,80.6,81.9,80.4,81.7,81.8,82.2,82.4,82.2,79.3,82.8
Guinea,GIN,Sub-Saharan Africa,Lower middle income,36.5,36.8,36.9,37.2,37.3,37.6,37.8,38.1,38.6,38.7,39.0,39.3,39.7,39.9,40.1,40.6,41.0,41.4,41.9,42.4,42.9,43.3,43.9,44.4,44.9,45.5,45.9,46.4,46.6,46.8,47.0,47.5,48.4,49.0,49.2,49.9,50.5,51.4,52.0,52.4,52.5,52.7,53.3,53.7,54.1,54.6,55.1,55.6,56.0,56.3,56.7,57.0,57.4,57.8,57.9,58.1,58.8,59.1,59.3,59.7,59.3,58.9,59.0
"Gambia, The",GMB,Sub-Saharan Africa,Low income,35.1,35.6,36.0,36.5,36.9,37.4,37.9,38.4,38.9,39.3,39.9,40.3,40.9,41.4,42.0,42.4,43.0,43.4,43.6,44.6,45.2,44.5,46.4,46.9,47.5,48.2,48.7,49.4,50.1,50.6,51.3,52.1,52.9,53.7,54.7,55.5,56.0,56.1,56.6,56.8,56.9,57.0,57.1,57.6,58.1,58.4,59.1,59.4,60.1,60.4,60.7,61.5,62.1,62.1,62.3,62.5,63.0,63.0,63.0,63.8,62.6,62.1,62.9
Guinea-Bissau,GNB,Sub-Saharan Africa,Low income,37.5,37.7,37.9,35.7,36.0,36.4,36.7,37.0,37.4,37.7,38.0,38.4,38.7,39.0,41.8,42.1,42.4,42.7,43.0,43.4,43.8,44.1,44.4,44.6,44.8,45.1,45.4,45.8,46.3,46.7,47.1,47.5,47.9,48.2,48.2,49.0,49.1,48.0,47.7,48.0,50.1,50.4,51.0,51.4,52.2,52.2,53.4,54.2,54.6,55.5,56.2,57.0,57.7,58.2,58.6,59.1,59.7,60.1,60.5,60.9,60.0,59.7,59.9
Equatorial Guinea,GNQ,Sub-Saharan Africa,Upper middle income,41.7,42.0,42.3,42.5,42.7,43.1,43.3,43.5,43.7,30.1,30.2,36.3,43.3,43.5,40.2,35.8,28.9,40.5,40.8,41.7,47.6,48.1,48.6,49.0,49.2,49.7,50.0,50.3,50.5,50.7,50.9,51.0,51.1,51.3,51.4,51.6,51.7,52.1,52.4,52.8,53.2,53.6,54.1,54.6,55.0,55.5,56.0,56.5,57.1,57.4,57.9,58.4,58.9,59.2,59.6,60.1,60.5,60.8,61.2,61.6,60.7,60.6,61.2
Greece,GRC,Europe & Central Asia,High income,69.3,70.3,70.3,70.6,70.6,71.4,71.8,71.3,71.4,72.0,72.8,73.0,72.8,73.0,73.4,73.4,73.6,73.7,74.4,74.6,74.5,75.0,75.3,75.5,75.8,76.1,76.5,76.3,77.0,76.7,76.9,77.1,77.4,77.4,77.6,77.6,77.7,78.1,77.8,78.0,77.9,78.4,78.6,78.8,79.0,79.2,79.4,79.4,79.9,80.2,80.4,80.7,80.6,81.3,81.4,81.0,81.4,81.3,81.8,81.6,81.3,80.1,80.6
Grenada,GRD,Latin America & Caribbean,Upper middle income,60.8,61.8,62.9,64.1,64.8,64.7,64.7,64.7,65.5,65.9,66.2,66.5,66.8,67.2,67.6,68.0,68.2,67.5,67.7,67.9,68.1,68.5,68.7,64.2,69.3,69.6,69.8,69.9,70.2,70.4,70.7,71.0,71.3,71.6,71.8,72.1,72.3,72.6,72.8,72.9,72.8,73.1,73.2,73.2,71.8,73.5,73.7,74.3,74.7,75.0,75.0,75.3,75.0,75.1,75.0,75.0,74.8,74.8,74.8,74.9,74.9,74.9,75.3
Greenland,GRL,Europe & Central Asia,High income,,,,,,,,,,,,,,,,,,,63.4,64.0,63.4,63.1,63.2,63.3,63.5,63.8,64.2,64.7,64.6,64.7,65.1,65.0,65.2,65.6,65.9,65.6,65.8,65.8,66.2,66.5,66.1,66.2,66.6,67.2,67.7,68.2,68.6,69.0,69.4,69.8,70.1,70.3,70.5,70.8,71.1,71.5,71.8,71.9,72.0,71.9,71.9,71.8,71.5
Guatemala,GTM,Latin America & Caribbean,Upper middle income,45.8,46.5,47.0,47.4,47.7,47.8,47.8,48.0,48.3,48.5,49.4,50.5,51.6,53.0,54.0,54.8,49.2,55.8,56.0,56.2,56.0,56.0,50.1,58.7,59.6,60.2,60.8,61.4,62.0,62.4,62.5,62.7,62.9,63.3,63.7,64.2,64.9,65.5,66.1,66.9,67.4,67.9,68.4,68.8,69.2,69.2,69.8,70.1,70.4,70.6,70.9,71.2,71.5,71.7,72.0,72.1,72.4,72.6,72.7,73.1,71.8,69.2,68.7
Guam,GUM,East Asia & Pacific,High income,60.9,61.4,61.7,62.4,62.9,62.9,62.8,63.6,64.2,64.5,64.8,65.2,65.4,65.8,66.0,66.6,67.0,67.9,68.7,69.6,69.9,70.1,70.3,70.6,70.8,71.1,71.3,71.6,71.9,72.2,72.5,72.5,72.7,73.0,73.1,73.3,73.1,73.3,73.6,74.1,74.4,75.4,75.8,76.5,76.9,77.2,77.1,77.1,77.2,77.1,76.9,76.9,76.7,76.7,76.7,76.6,76.9,77.2,77.4,77.7,76.6,76.7,78.3
Guyana,GUY,Latin America & Caribbean,High income,58.0,58.5,58.9,59.2,59.5,59.7,59.9,60.1,60.3,60.4,60.5,60.6,60.6,60.7,60.8,60.8,60.9,61.0,61.1,61.1,61.2,61.3,61.4,61.5,61.6,61.7,61.8,61.9,62.1,62.2,62.4,62.6,62.8,63.2,63.4,63.1,63.2,63.4,63.9,64.2,64.5,64.8,64.7,64.6,64.9,65.1,65.7,66.3,66.3,66.6,66.7,67.0,67.2,67.5,67.9,68.2,68.4,68.7,68.9,69.1,68.5,65.7,66.0
High income,HIC,,,68.3,68.7,68.6,68.9,69.4,69.4,69.6,69.8,69.7,69.7,70.2,70.5,70.7,70.8,71.2,71.4,71.6,71.9,72.0,72.3,72.3,72.7,73.0,73.1,73.3,73.4,73.8,74.1,74.2,74.3,74.4,74.6,74.6,74.4,74.6,74.7,75.2,75.6,75.8,75.8,76.0,76.3,76.4,76.5,77.0,77.1,77.5,77.8,78.0,78.4,78.6,78.9,79.0,79.3,79.5,79.5,79.7,79.8,79.9,80.1,79.1,78.8,79.5
"Hong Kong SAR, China",HKG,East Asia & Pacific,High income,65.9,66.6,67.0,67.7,68.4,69.3,69.5,69.9,70.4,70.6,71.0,71.5,71.5,72.1,72.6,73.4,72.8,73.3,73.5,73.7,74.7,75.3,75.4,75.3,76.0,76.4,76.7,76.9,77.1,77.0,77.4,77.9,77.7,78.0,78.5,78.7,79.6,80.1,80.1,80.4,80.9,81.4,81.5,81.3,81.8,81.6,82.4,82.4,82.3,82.8,83.0,83.4,83.5,83.8,83.9,84.3,84.2,84.7,84.9,85.2,85.5,85.5,83.7
Honduras,HND,Latin America & Caribbean,Lower middle income,48.3,48.7,49.7,50.3,50.8,51.5,52.1,52.6,53.4,53.9,54.4,55.0,55.6,54.4,52.3,57.5,58.2,58.7,59.3,59.9,60.5,61.0,61.5,62.1,62.6,63.0,63.6,64.0,64.3,64.9,65.2,65.8,66.0,66.3,66.6,67.1,67.4,67.8,62.7,68.4,68.7,69.0,69.4,69.5,69.8,70.1,70.3,70.4,70.4,70.9,71.1,71.4,71.7,72.0,72.3,72.5,72.6,72.7,72.8,72.9,71.5,70.1,70.7
Heavily indebted poor countries (HIPC),HPC,,,40.7,41.1,41.6,41.8,42.3,42.4,42.3,43.0,43.3,43.6,43.9,44.2,44.0,44.8,44.8,45.2,45.8,46.2,46.4,46.8,47.2,47.5,47.7,46.5,46.4,46.8,47.6,48.3,48.1,49.2,49.2,49.2,49.2,49.8,50.2,50.7,50.8,51.1,51.0,51.8,52.7,53.1,53.6,54.2,54.7,55.4,56.2,56.9,57.5,58.2,58.6,59.5,60.1,60.6,61.1,61.6,62.2,62.5,62.9,63.3,62.8,62.3,62.8
Croatia,HRV,Europe & Central Asia,High income,65.5,66.2,66.5,66.9,67.3,67.8,68.1,68.3,68.4,68.7,68.8,69.1,69.4,69.8,70.1,70.0,70.5,70.7,70.5,70.4,70.2,70.3,70.5,70.3,70.2,70.9,71.4,71.5,71.5,71.8,72.2,72.2,71.2,71.5,71.8,72.1,72.4,72.5,72.3,72.6,72.8,74.5,74.7,74.6,75.5,75.2,75.8,75.7,75.9,76.2,76.5,76.8,76.9,77.1,77.5,77.3,78.0,77.8,78.1,78.4,77.7,76.4,77.6
Haiti,HTI,Latin America & Caribbean,Lower middle income,43.5,43.9,44.3,42.8,45.0,45.4,45.6,46.1,46.5,46.9,47.3,47.7,47.9,48.2,48.4,48.7,49.0,49.2,49.4,49.7,49.9,50.3,50.6,50.9,51.1,51.5,51.9,52.2,52.6,52.8,53.0,53.4,53.8,54.4,54.7,55.5,56.2,56.5,57.1,58.0,58.4,58.5,58.9,59.5,58.5,60.4,60.8,61.1,61.3,61.7,46.0,61.6,62.3,62.6,63.0,63.2,63.4,63.9,64.0,64.3,64.1,63.2,63.7
Hungary,HUN,Europe & Central Asia,High income,68.0,68.9,67.9,68.9,69.4,69.1,69.8,69.4,69.2,69.3,69.2,69.1,69.7,69.5,69.2,69.3,69.6,69.8,69.4,69.6,69.1,69.1,69.4,69.0,69.0,69.0,69.2,69.7,70.0,69.5,69.3,69.4,69.1,69.1,69.5,69.8,70.3,70.7,70.6,70.7,71.2,72.2,72.3,72.3,72.6,72.6,73.1,73.2,73.7,73.9,74.2,74.9,75.1,75.6,75.8,75.6,76.1,75.8,76.1,76.3,75.6,74.2,76.0
IBRD only,IBD,,,45.8,48.7,52.4,52.8,53.4,53.1,53.8,54.2,54.9,55.3,55.9,56.5,57.0,57.6,58.2,58.8,59.3,59.9,60.4,60.9,61.3,61.8,62.2,62.7,63.1,63.5,64.0,64.3,64.6,65.0,65.2,65.5,65.8,66.0,66.3,66.6,67.0,67.3,67.7,67.9,68.2,68.7,69.0,69.3,69.5,69.9,70.3,70.6,70.8,71.2,71.5,71.8,72.1,72.5,72.9,73.2,73.4,73.6,73.9,74.1,73.4,72.1,72.9
IDA & IBRD total,IBT,,,45.3,47.8,50.9,51.3,51.9,51.7,52.3,52.8,53.5,53.9,54.2,54.3,55.4,56.0,56.5,57.0,57.5,58.1,58.5,59.0,59.4,59.8,60.2,60.6,60.9,61.3,61.7,62.1,62.3,62.7,62.9,63.0,63.3,63.5,63.8,64.1,64.3,64.7,65.0,65.4,65.7,66.1,66.4,66.7,66.9,67.3,67.7,68.0,68.2,68.6,68.9,69.3,69.6,69.9,70.2,70.5,70.8,71.0,71.3,71.5,70.8,69.8,70.5
IDA total,IDA,,,42.9,43.4,44.0,44.3,44.9,45.1,45.6,46.0,46.6,46.9,46.4,44.1,47.9,48.4,48.5,48.7,49.3,49.9,50.2,50.7,51.2,51.5,51.8,51.6,51.7,51.9,52.4,52.7,52.7,53.3,53.6,53.3,53.6,53.9,54.2,54.4,54.6,55.0,55.2,56.2,56.6,57.0,57.4,57.9,58.2,58.6,59.2,59.6,59.8,60.5,60.9,61.5,61.8,62.1,62.4,62.8,63.2,63.5,63.9,64.2,63.7,63.4,64.0
IDA blend,IDB,,,43.2,43.8,44.6,45.2,45.8,46.4,47.1,47.2,48.1,48.6,49.5,48.3,50.5,51.0,51.3,51.8,52.3,52.7,53.0,53.4,53.9,54.4,54.6,55.0,55.2,55.2,55.2,55.1,55.2,55.3,55.4,55.2,55.1,54.9,54.7,54.5,54.6,54.7,54.9,55.3,55.8,56.0,56.4,56.7,57.0,57.0,57.8,58.1,58.4,58.7,59.1,59.4,59.6,60.0,60.1,60.4,60.6,60.9,61.1,61.3,61.0,60.7,61.3
Indonesia,IDN,East Asia & Pacific,Upper middle income,46.5,47.1,47.9,48.4,49.2,42.6,48.2,51.1,51.6,52.4,53.0,53.6,54.2,54.9,55.4,56.0,56.5,57.1,57.6,58.2,58.8,59.1,59.8,60.3,60.7,61.3,61.7,62.0,62.2,62.7,63.2,63.5,64.1,64.6,64.9,65.2,65.4,65.7,66.0,66.2,66.4,66.8,67.1,67.4,65.8,67.6,67.9,68.2,68.2,68.5,68.7,68.8,69.0,69.3,69.5,69.7,69.8,69.9,70.3,70.5,68.8,67.6,68.3
IDA only,IDX,,,42.7,43.2,43.7,43.8,44.5,44.6,44.9,45.5,45.9,46.1,45.0,42.3,46.7,47.3,47.3,47.3,47.9,48.6,49.0,49.4,49.9,50.2,50.4,49.9,50.0,50.4,51.0,51.6,51.5,52.4,52.7,52.4,52.9,53.4,54.0,54.4,54.5,55.2,55.4,56.6,57.1,57.5,58.0,58.5,58.8,59.4,59.9,60.3,60.5,61.3,61.8,62.5,62.8,63.2,63.6,64.0,64.5,64.9,65.3,65.6,65.1,64.7,65.4
Isle of Man,IMN,Europe & Central Asia,High income,64.4,63.6,64.3,63.5,64.8,65.0,65.3,66.0,65.6,65.2,65.7,66.0,65.4,66.6,66.0,66.9,67.2,67.3,67.5,67.9,68.3,69.1,69.1,69.7,69.9,69.5,70.3,70.7,71.2,70.9,72.0,72.2,73.1,72.3,73.3,73.3,73.8,73.7,74.6,73.7,74.7,75.5,75.4,76.1,77.0,77.6,78.2,78.3,78.4,78.7,79.0,79.2,79.3,79.5,80.0,78.9,80.3,80.5,80.6,80.7,80.6,80.5,80.8
India,IND,South Asia,Lower middle income,45.2,45.4,45.7,45.9,46.2,45.0,45.3,45.7,47.5,47.9,48.2,48.6,49.0,49.5,50.2,50.8,51.4,51.9,52.5,53.1,53.6,54.2,54.7,55.3,55.8,56.3,56.8,57.3,57.8,58.2,58.7,59.1,59.5,59.8,60.2,60.6,61.0,61.4,61.8,62.2,62.7,63.1,63.6,64.1,64.5,65.0,65.4,65.8,66.1,66.5,66.9,67.4,67.9,68.5,69.1,69.6,70.1,70.5,70.7,70.9,70.2,67.2,67.7
Not classified,INX,,,,,,,,,,,,,,,,,,,,,,,,,,,,,,,,,,,,,,,,,,,,,,,,,,,,,,,,,,,,,,,,,
Ireland,IRL,Europe & Central Asia,High income,70.2,69.7,70.0,70.2,70.5,70.7,70.2,71.2,70.9,70.9,70.9,71.7,71.0,71.2,71.2,71.8,71.9,72.0,72.0,72.3,72.6,73.0,73.2,73.2,73.7,73.6,73.7,74.4,74.4,74.5,74.8,75.0,75.4,75.3,75.8,75.5,75.8,76.0,76.2,76.1,76.5,77.1,77.6,78.1,78.5,78.9,79.2,79.6,80.1,80.2,80.7,80.7,80.8,80.9,81.3,81.5,81.7,82.2,82.2,82.7,82.6,82.4,83.1
"Iran, Islamic Rep.",IRN,Middle East & North Africa,Upper middle income,44.0,44.6,44.3,45.6,46.2,46.7,47.4,48.0,48.1,49.4,50.2,51.1,51.7,52.9,53.9,54.8,55.7,56.6,55.9,58.6,58.5,56.7,57.7,58.7,61.2,61.9,62.5,62.8,63.4,65.7,64.4,66.5,66.8,67.1,67.5,67.8,68.1,68.4,68.7,69.3,69.7,70.0,70.4,69.8,71.4,71.8,72.3,72.8,72.6,72.7,73.1,73.7,74.2,74.4,74.8,75.1,75.6,76.0,76.2,76.1,74.8,73.9,74.6
Iraq,IRQ,Middle East & North Africa,Upper middle income,52.6,53.4,54.3,54.9,55.6,56.6,57.3,58.4,58.8,59.3,60.2,60.9,61.4,62.0,60.9,61.5,63.7,64.2,64.4,64.8,61.5,59.3,59.7,60.1,60.2,60.7,60.9,61.2,57.5,58.2,58.4,62.5,66.7,66.9,66.7,66.5,66.4,65.8,65.5,66.2,66.8,67.0,67.1,65.6,65.0,64.8,63.6,63.6,64.9,66.4,67.1,67.7,68.0,68.3,68.9,69.4,69.0,70.4,71.5,71.6,69.1,70.4,71.3
Iceland,ISL,Europe & Central Asia,High income,73.8,73.5,73.7,73.0,73.5,73.9,73.3,73.8,74.0,73.8,73.9,73.6,74.5,74.5,74.5,75.6,77.0,76.4,76.6,76.8,76.8,76.5,77.0,76.8,77.6,77.6,78.0,77.3,77.1,78.1,78.0,78.0,78.8,78.9,79.2,78.0,78.8,78.9,79.6,79.4,79.7,80.7,80.5,81.0,81.0,81.5,81.2,81.5,81.6,81.8,81.9,82.4,82.9,82.1,82.9,82.5,82.2,82.7,82.9,83.2,83.1,83.2,82.2
Israel,ISR,Middle East & North Africa,High income,,72.0,72.1,,,,72.3,71.5,71.1,71.0,71.2,71.7,71.1,71.7,71.7,72.0,73.0,73.0,73.2,73.5,73.9,74.3,74.1,74.5,74.8,75.2,75.0,75.3,74.4,76.3,76.6,76.8,76.5,77.2,77.4,77.5,78.1,78.0,78.1,78.7,79.0,79.4,79.5,79.6,80.1,80.2,80.6,80.5,81.0,81.4,81.6,81.7,81.7,82.1,82.2,82.1,82.4,82.6,82.8,82.8,82.6,82.5,82.7
Italy,ITA,Europe & Central Asia,High income,69.1,69.8,69.1,69.2,70.3,70.2,70.9,71.0,70.8,70.8,71.6,71.8,72.1,72.0,72.7,72.6,73.0,73.4,73.7,74.0,73.9,74.4,74.8,74.6,75.4,75.5,75.8,76.2,76.4,76.8,77.0,77.0,77.4,77.7,77.9,78.2,78.5,78.8,79.0,79.4,79.8,80.1,80.2,80.0,80.8,80.8,81.3,81.4,81.5,81.6,82.0,82.2,82.2,82.7,83.1,82.5,83.2,82.9,83.3,83.5,82.2,82.6,82.9
Jamaica,JAM,Latin America & Caribbean,Upper middle income,64.0,64.4,64.5,65.3,65.6,66.0,66.4,66.4,66.3,66.4,66.7,66.8,67.1,67.6,67.8,68.0,68.4,68.5,68.8,69.0,69.4,69.9,70.2,70.2,70.3,70.5,70.7,71.3,71.5,72.2,72.3,72.2,72.2,71.9,71.7,71.5,71.5,71.2,71.0,71.0,70.9,70.8,70.9,70.8,70.9,71.0,71.2,71.4,71.6,72.1,72.6,73.1,73.4,73.4,73.0,72.4,72.0,71.9,71.8,71.8,71.9,70.5,70.6
Jordan,JOR,Middle East & North Africa,Lower middle income,52.6,53.7,54.7,55.6,56.6,57.4,57.9,59.0,59.8,60.4,59.9,61.6,62.3,62.9,63.4,64.0,64.5,65.0,65.4,65.9,66.3,66.7,67.2,67.6,67.9,68.3,68.6,68.9,69.3,69.6,69.9,70.1,70.3,70.5,70.7,70.9,71.1,71.3,71.5,71.7,71.9,72.1,72.4,72.6,72.8,72.9,73.1,73.4,73.6,73.8,74.0,74.2,74.4,74.6,74.8,75.0,75.2,75.5,75.8,76.0,75.2,74.3,74.2
Japan,JPN,East Asia & Pacific,High income,67.7,68.4,68.6,69.7,70.2,70.3,70.9,71.5,71.6,71.9,71.9,72.8,73.2,73.3,73.7,74.2,74.7,75.3,75.6,76.1,76.0,76.4,76.9,76.9,77.3,77.6,78.0,78.4,78.3,78.8,78.8,79.0,79.1,79.3,79.7,79.5,80.2,80.4,80.5,80.5,81.1,81.4,81.7,81.8,82.0,82.0,82.3,82.5,82.6,82.9,82.8,82.6,83.1,83.3,83.6,83.8,84.0,84.1,84.2,84.4,84.6,84.4,84.0
Kazakhstan,KAZ,Europe & Central Asia,Upper middle income,58.4,58.5,58.6,58.9,59.2,59.5,59.7,59.9,60.0,60.2,60.4,60.6,61.0,61.3,61.5,61.8,61.6,61.9,62.1,62.3,66.6,66.7,66.8,67.7,68.5,68.5,68.9,69.3,68.8,68.3,68.3,67.6,67.4,65.4,64.9,63.5,63.6,64.0,64.5,65.6,65.5,65.8,66.0,65.7,66.1,65.9,66.2,66.3,67.1,68.4,68.5,68.7,69.5,70.6,71.4,72.0,72.4,73.0,73.2,73.2,71.4,70.2,74.4
Kenya,KEN,Sub-Saharan Africa,Lower middle income,48.7,49.5,50.2,50.8,51.3,51.7,52.1,52.5,52.8,53.2,53.6,54.3,55.0,55.7,55.6,55.8,55.9,56.5,56.9,57.7,58.5,61.2,61.0,61.0,60.8,60.6,60.2,60.0,59.5,59.0,58.6,58.0,57.3,56.6,56.3,55.6,55.2,54.8,54.5,54.5,54.4,54.5,55.0,55.6,56.4,57.3,58.2,58.9,59.6,60.4,60.6,61.0,61.1,61.4,61.8,61.9,62.2,62.5,62.7,62.9,62.7,61.4,62.1
Kyrgyz Republic,KGZ,Europe & Central Asia,Lower middle income,55.1,55.3,55.6,56.0,56.2,56.4,56.8,57.0,57.4,57.7,58.0,58.3,58.6,59.0,59.3,59.5,59.7,60.0,60.4,60.8,61.1,61.3,61.7,62.2,62.4,63.0,63.3,63.7,63.9,67.9,68.3,68.6,68.1,67.2,66.0,65.8,66.5,66.9,67.1,68.7,68.6,68.7,68.2,68.3,68.2,68.0,67.7,67.9,68.5,69.1,69.3,69.6,70.0,70.2,70.4,70.7,71.0,71.2,71.4,71.6,71.8,71.9,72.0
Cambodia,KHM,East Asia & Pacific,Lower middle income,42.4,42.8,43.3,43.9,44.4,44.8,45.4,45.5,45.8,46.2,39.1,39.5,40.2,40.0,39.8,12.0,12.0,28.9,37.0,42.3,47.6,48.2,48.7,49.5,50.2,51.0,51.5,53.5,54.3,54.8,55.4,55.8,56.0,56.1,56.0,56.3,56.3,56.7,57.0,57.7,58.6,60.0,61.2,62.5,63.6,64.3,65.1,65.7,66.5,67.4,67.7,68.4,68.9,69.3,69.7,69.9,70.2,70.5,70.6,70.7,70.4,69.6,69.9
Kiribati,KIR,East Asia & Pacific,Lower middle income,47.9,48.4,49.0,49.6,50.3,51.0,51.8,52.5,53.2,53.9,54.5,55.1,55.5,56.0,56.3,56.5,56.6,56.0,56.9,57.1,57.3,57.5,57.7,58.0,58.3,58.6,59.0,59.4,59.9,60.4,60.9,61.4,61.9,62.3,62.7,63.0,63.3,63.6,63.9,64.1,64.4,64.7,64.8,65.0,65.0,65.0,64.9,64.8,64.8,64.9,65.0,65.2,65.4,65.6,65.8,66.1,66.3,66.6,66.9,67.2,67.3,67.4,67.7
St. Kitts and Nevis,KNA,Latin America & Caribbean,High income,55.9,55.8,57.2,58.6,59.0,59.6,60.0,60.5,60.8,60.8,61.3,60.7,60.2,60.3,61.7,63.1,63.7,63.8,63.4,63.2,63.4,63.9,64.3,64.6,65.3,65.8,65.5,65.5,65.5,65.0,65.2,66.2,67.0,67.6,67.3,67.2,67.3,67.9,67.7,68.7,69.8,70.2,70.5,70.8,71.3,71.4,71.3,71.4,71.4,71.4,71.3,71.5,71.7,71.5,71.0,70.8,71.7,71.8,71.5,71.6,71.6,71.7,72.0
"Korea, Rep.",KOR,East Asia & Pacific,High income,54.3,54.9,55.5,56.0,57.2,58.2,59.5,61.3,61.6,62.1,62.2,62.6,63.0,63.4,63.8,64.2,64.5,64.9,65.2,65.5,66.0,66.5,67.1,67.5,68.2,68.8,69.4,70.0,70.5,71.0,71.6,72.0,72.5,73.0,73.4,73.7,74.2,74.6,75.0,75.4,75.9,76.4,76.8,77.2,77.7,78.2,78.7,79.1,79.5,80.0,80.1,80.6,80.8,81.3,81.7,82.0,82.3,82.6,82.6,83.2,83.4,83.5,82.7
Kuwait,KWT,Middle East & North Africa,High income,56.9,58.0,59.1,60.2,61.2,62.2,63.1,64.0,64.7,65.7,66.5,67.1,67.4,67.6,67.9,67.9,68.2,68.6,69.0,69.7,70.3,71.1,71.5,72.0,72.6,73.1,73.6,74.1,74.5,74.8,73.3,74.2,75.7,75.8,75.8,75.5,75.6,75.9,76.2,76.4,76.7,76.9,77.0,77.0,76.8,76.9,76.9,77.0,77.1,77.4,78.0,78.5,78.8,79.2,79.4,79.6,79.7,79.8,79.7,79.7,76.9,78.7,80.3
Latin America & Caribbean (excluding high income),LAC,,,54.5,55.0,55.5,56.0,56.5,56.9,57.3,57.6,58.0,58.4,58.4,59.3,59.7,60.2,60.6,61.1,61.3,61.9,62.2,62.6,63.0,63.5,63.9,64.4,64.9,65.2,65.8,66.2,66.7,67.1,67.4,67.7,68.0,68.4,68.8,69.1,69.5,69.9,70.1,70.6,70.9,71.3,71.5,71.8,72.1,72.5,72.7,72.8,73.1,73.3,73.2,73.7,73.9,74.2,74.4,74.5,74.5,74.6,74.8,75.0,72.8,71.9,73.6
Lao PDR,LAO,East Asia & Pacific,Lower middle income,40.8,41.1,42.0,41.3,41.6,42.1,42.1,42.6,43.0,43.2,43.6,44.0,44.2,44.5,45.5,45.9,45.6,46.0,46.2,47.0,48.1,48.7,49.4,50.0,50.5,51.1,51.7,52.2,52.7,53.3,53.7,54.5,55.0,55.4,55.7,56.4,56.9,57.3,57.7,57.9,58.4,59.1,59.5,60.0,60.3,61.0,61.5,62.1,62.6,63.3,64.0,64.7,65.4,65.7,66.4,66.7,67.2,67.4,67.6,68.1,68.5,68.1,69.0
Lebanon,LBN,Middle East & North Africa,Lower middle income,64.8,65.3,65.4,65.7,66.0,66.1,66.2,66.5,66.6,66.7,66.8,66.8,66.9,67.2,67.3,58.1,33.7,59.3,59.4,59.5,59.7,59.9,45.1,60.0,60.3,60.5,61.0,61.4,61.7,64.2,64.5,71.2,71.2,71.4,71.7,72.0,72.3,72.8,72.9,73.5,73.9,74.4,75.1,75.6,76.0,76.3,76.1,77.1,77.6,77.9,78.2,78.4,78.6,78.8,79.0,79.2,79.5,79.7,79.7,79.2,77.8,75.0,74.4
Liberia,LBR,Sub-Saharan Africa,Low income,38.3,38.3,38.4,38.5,38.6,38.8,39.1,39.4,39.8,40.2,40.6,40.9,41.5,41.9,42.4,42.8,43.2,43.6,44.0,44.3,44.6,45.0,45.2,45.4,45.4,44.7,45.0,44.5,44.0,43.5,36.7,42.8,42.7,42.2,41.8,43.9,44.4,47.8,48.9,50.0,51.4,52.8,53.8,53.0,56.0,56.9,57.6,58.3,58.8,59.2,59.4,59.6,59.9,59.9,59.1,59.1,60.4,60.6,60.9,61.1,60.9,60.7,61.1
Libya,LBY,Middle East & North Africa,Upper middle income,40.3,42.1,43.8,45.3,47.1,48.7,50.1,51.4,52.7,54.0,55.2,56.3,57.5,58.3,59.6,60.8,62.1,62.8,63.6,64.3,64.9,65.4,65.8,66.4,66.9,67.3,67.8,68.2,68.6,69.0,69.4,69.8,70.2,70.4,70.7,71.1,71.3,71.1,71.1,71.1,70.7,70.9,71.0,71.1,71.5,71.6,71.7,71.9,72.3,72.4,72.4,70.1,72.2,72.3,71.5,71.7,71.8,72.5,72.8,72.5,72.5,71.9,72.2
St. Lucia,LCA,Latin America & Caribbean,Upper middle income,55.7,57.0,58.0,58.9,60.0,60.9,61.8,62.7,63.5,63.9,64.3,64.5,64.6,64.8,65.6,65.9,66.3,66.9,67.3,67.4,67.7,68.5,69.1,69.9,70.4,70.1,70.3,70.0,70.1,70.2,70.3,70.6,70.8,71.1,71.0,71.0,70.9,70.8,70.7,70.7,70.8,71.1,71.5,71.8,72.0,72.2,72.5,72.6,72.7,72.7,72.7,72.9,72.9,72.7,72.9,73.1,73.1,73.1,73.4,73.4,73.4,71.1,71.3
Latin America & Caribbean,LCN,,,55.2,55.7,56.1,56.6,57.1,57.5,57.9,58.3,58.6,59.0,59.1,59.9,60.3,60.8,61.2,61.7,62.0,62.5,62.9,63.3,63.7,64.2,64.5,65.1,65.5,65.8,66.4,66.8,67.2,67.5,67.8,68.2,68.5,68.8,69.2,69.5,69.9,70.3,70.5,70.9,71.2,71.5,71.8,72.0,72.3,72.7,72.9,73.1,73.3,73.5,73.4,73.9,74.1,74.3,74.6,74.6,74.6,74.7,74.9,75.0,73.0,72.1,73.8
Least developed countries: UN classification,LDC,,,41.2,41.7,42.2,42.3,43.0,43.0,43.4,44.0,44.3,44.6,43.2,40.1,45.0,45.6,45.6,45.5,46.1,46.8,47.1,47.6,48.1,48.4,48.7,48.0,48.0,48.4,49.1,49.6,49.4,50.4,50.7,50.4,51.1,51.6,52.3,52.8,52.9,53.7,54.0,55.2,55.8,56.3,56.7,57.3,57.8,58.3,58.9,59.4,59.5,60.5,61.0,61.7,62.3,62.7,63.1,63.5,64.0,64.4,64.8,65.2,64.6,64.2,64.9
Low income,LIC,,,41.1,41.4,41.8,41.9,42.6,42.6,42.5,43.2,43.6,43.9,44.2,44.7,44.5,45.3,45.4,45.6,46.4,46.7,46.9,47.4,47.7,47.9,48.0,46.7,46.6,47.0,47.8,48.5,48.1,49.6,49.7,49.7,49.6,50.4,51.1,50.9,51.0,51.4,51.0,52.2,53.2,53.7,54.2,55.3,55.8,56.4,57.2,57.9,58.5,59.2,59.7,60.3,60.6,60.9,61.3,61.7,62.2,62.6,63.0,63.4,63.0,62.5,63.0
Liechtenstein,LIE,Europe & Central Asia,High income,,,,,,,,,,,,,,,,,,,,,,,,,,,,,,,,,,,78.4,77.4,76.8,76.0,77.7,79.1,76.8,79.3,79.6,80.0,81.8,80.7,80.9,81.3,82.7,81.5,81.8,81.8,82.4,82.3,82.1,82.7,82.3,83.7,83.0,84.2,81.7,84.4,84.3
Sri Lanka,LKA,South Asia,Lower middle income,60.7,61.3,61.7,62.0,62.2,62.6,63.1,63.5,63.8,64.0,65.3,65.9,65.8,65.9,66.0,66.2,66.5,66.6,67.6,68.1,68.7,69.2,69.7,70.1,70.6,71.0,71.4,71.5,71.5,69.8,71.9,71.8,72.5,73.1,72.9,72.3,72.3,72.1,72.1,72.6,70.4,70.8,71.1,71.4,67.1,72.1,72.0,72.0,71.7,69.2,73.2,73.4,73.9,74.2,74.7,74.9,75.3,75.4,75.7,76.0,76.4,76.4,76.6
Lower middle income,LMC,,,45.9,46.2,46.7,46.9,47.4,46.8,47.3,47.6,48.7,49.1,49.0,48.1,50.1,50.7,51.1,51.7,52.3,52.9,53.4,53.9,54.5,55.0,55.4,55.9,56.3,56.7,57.1,57.5,57.8,58.2,58.6,58.8,59.2,59.4,59.7,60.0,60.3,60.7,61.2,61.7,62.0,62.3,62.8,63.1,63.5,63.8,64.3,64.5,64.7,65.2,65.5,66.0,66.4,66.8,67.2,67.6,68.0,68.3,68.6,68.8,68.2,66.5,67.2
Low & middle income,LMY,,,43.4,46.0,49.5,49.9,50.5,50.3,51.0,51.6,52.3,52.8,53.1,53.3,54.4,55.1,55.6,56.2,56.8,57.4,57.9,58.4,58.9,59.3,59.7,60.0,60.4,60.8,61.2,61.6,61.8,62.3,62.5,62.7,63.0,63.3,63.6,63.9,64.1,64.5,64.8,65.2,65.5,65.9,66.3,66.6,66.8,67.2,67.6,67.9,68.1,68.5,68.8,69.1,69.5,69.8,70.1,70.4,70.7,70.9,71.2,71.4,70.7,69.7,70.4
Lesotho,LSO,Sub-Saharan Africa,Lower middle income,50.4,50.4,50.4,50.3,50.2,50.1,50.1,50.2,50.4,50.7,51.0,51.3,51.7,52.1,52.4,53.0,53.5,54.0,54.7,55.3,56.1,56.9,57.6,58.1,58.6,59.1,59.5,59.5,59.6,59.5,59.4,59.2,58.6,58.0,58.0,56.7,55.2,53.6,51.8,50.1,48.4,46.8,45.6,44.5,43.7,43.2,42.9,43.1,43.6,44.0,45.6,46.7,47.8,49.0,50.0,51.1,52.3,53.1,53.7,54.2,54.7,53.1,53.0
Late-demographic dividend,LTE,,,43.8,48.5,54.8,55.3,55.9,56.4,56.9,57.3,57.7,58.1,58.9,59.6,60.1,60.9,61.5,62.2,62.8,63.4,63.9,64.4,64.9,65.4,65.8,66.2,66.5,66.9,67.3,67.7,67.9,68.1,68.3,68.4,68.7,68.9,69.1,69.4,69.8,70.2,70.6,70.8,71.1,71.6,71.9,72.3,72.6,73.0,73.5,73.7,73.9,74.3,74.6,74.9,75.2,75.5,75.8,76.0,76.3,76.4,76.8,77.0,76.7,76.4,77.1
Lithuania,LTU,Europe & Central Asia,High income,69.8,70.1,69.1,70.2,71.5,71.3,71.5,71.6,71.3,70.9,70.8,71.7,71.0,71.3,71.2,70.9,71.0,70.8,70.6,70.5,70.5,70.5,70.8,70.8,70.3,70.5,72.1,71.9,71.8,71.4,71.2,70.4,70.2,68.9,68.5,69.0,70.1,70.9,71.2,71.6,72.0,71.7,71.8,72.1,72.0,71.3,71.1,70.9,71.8,72.9,73.3,73.6,73.9,73.9,74.5,74.3,74.7,75.5,75.7,76.3,75.0,74.0,75.8
Luxembourg,LUX,Europe & Central Asia,High income,68.6,69.3,68.1,68.7,69.4,69.0,69.2,69.2,69.7,69.5,69.6,69.2,70.3,70.2,70.2,70.3,70.0,71.5,71.5,72.3,72.2,72.4,72.7,72.8,73.1,73.5,74.0,74.1,74.8,74.6,75.4,75.5,75.8,75.7,76.4,76.5,76.5,76.9,77.0,77.8,77.9,77.8,78.0,77.7,79.1,79.4,79.3,79.4,80.5,80.6,80.6,81.0,81.4,81.8,82.2,82.3,82.7,82.1,82.3,82.6,82.1,82.6,83.0
Latvia,LVA,Europe & Central Asia,High income,69.8,70.0,69.4,69.8,71.0,70.7,70.7,70.4,70.0,69.8,69.8,70.2,69.9,69.8,69.7,68.9,69.0,69.1,69.0,68.5,68.8,68.8,69.3,69.1,69.2,69.3,70.6,70.7,70.6,70.2,69.3,69.0,68.4,66.7,65.7,66.4,68.8,69.3,69.0,69.7,70.3,70.8,71.0,71.3,72.0,71.4,70.9,71.0,72.4,73.1,73.5,73.6,73.8,74.0,74.1,74.5,74.6,74.6,74.8,75.4,75.2,73.0,74.6
"Macao SAR, China",MAC,East Asia & Pacific,High income,65.0,65.5,65.9,66.4,66.8,67.2,67.6,68.0,68.4,68.8,69.2,69.6,70.0,70.6,71.0,71.4,71.9,72.3,72.7,73.1,73.5,73.9,74.3,74.7,75.1,75.5,75.9,76.3,76.6,77.0,77.4,77.9,78.3,78.6,79.0,79.3,80.0,80.2,80.4,80.7,81.0,81.2,81.3,81.5,81.7,82.0,82.3,82.5,82.9,83.3,83.1,83.2,83.3,83.7,83.9,84.0,84.2,84.6,84.9,85.0,85.2,85.4,85.4
St. Martin (French part),MAF,Latin America & Caribbean,High income,67.9,67.7,68.4,69.4,69.5,68.5,69.5,70.0,70.0,70.7,71.6,71.5,71.6,71.8,72.0,72.1,72.2,72.2,72.3,72.4,72.5,72.7,73.0,72.6,72.8,72.6,73.4,73.6,74.2,74.2,74.5,75.9,75.3,75.5,75.7,75.8,76.0,76.2,76.3,76.5,76.7,76.8,77.0,77.2,77.4,77.6,77.7,77.9,78.1,78.2,78.4,78.8,79.0,78.9,80.0,79.3,79.5,78.6,80.6,80.0,80.1,80.4,80.6
Morocco,MAR,Middle East & North Africa,Lower middle income,42.0,43.8,44.3,44.8,45.4,46.0,46.6,47.2,47.8,48.3,48.8,49.2,49.7,50.2,50.7,51.2,51.9,52.7,53.5,54.4,55.2,56.0,56.9,57.7,58.5,59.3,60.0,60.7,61.3,61.9,62.4,62.9,63.4,63.9,64.3,64.7,65.2,65.6,66.0,66.4,66.8,67.2,67.5,67.9,68.2,68.7,69.1,69.6,70.0,70.5,70.8,71.3,71.7,72.1,72.5,72.9,73.3,73.7,74.0,74.3,73.9,74.0,75.0
Monaco,MCO,Europe & Central Asia,High income,,,,,,,,,,,,,,,,,,,,,,,,,,,,,,,,,,,,,,,,,,,,,,,,,,,,,,,,,,,,,,,
Moldova,MDA,Europe & Central Asia,Upper middle income,61.1,61.4,61.9,62.4,62.8,63.2,63.4,63.6,63.7,63.9,63.9,63.8,63.9,64.2,64.2,64.3,64.5,64.5,64.5,64.8,65.2,65.6,66.2,65.7,65.7,65.7,67.6,68.1,68.2,68.7,68.1,67.0,67.0,66.5,65.1,65.1,64.2,65.2,65.5,65.6,66.4,66.8,66.9,67.4,67.9,68.2,68.5,68.9,69.4,69.6,69.4,69.2,69.1,69.1,69.0,69.2,69.9,70.5,70.5,70.9,70.2,68.8,68.6
Madagascar,MDG,Sub-Saharan Africa,Low income,43.2,43.6,44.1,44.4,44.9,45.2,45.6,46.0,46.5,47.0,47.5,47.9,48.3,48.8,49.2,49.5,49.7,49.8,49.8,49.9,49.8,49.7,49.6,49.6,49.5,49.6,49.8,50.2,50.6,51.1,51.7,52.4,53.0,53.9,54.4,55.0,55.5,56.2,56.9,57.4,57.9,58.6,58.9,59.5,60.1,60.6,61.3,61.8,62.1,62.7,62.9,63.5,63.5,64.0,64.3,64.3,65.0,65.1,65.3,65.9,65.2,64.5,65.2
Maldives,MDV,South Asia,Upper middle income,38.5,39.0,39.5,40.1,40.7,41.4,42.1,42.8,43.6,44.3,45.1,46.1,47.1,48.2,49.4,50.5,51.6,52.6,51.1,54.7,55.6,56.4,57.3,58.1,58.9,59.7,60.5,61.3,62.1,62.8,63.6,64.3,65.0,65.7,66.5,67.5,68.7,69.2,69.6,70.1,70.9,72.2,73.3,74.1,73.5,74.8,75.1,75.7,76.5,77.1,77.7,78.1,78.7,79.1,79.4,79.7,79.9,79.9,80.0,80.1,79.9,79.9,80.8
Middle East & North Africa,MEA,,,44.8,46.0,46.3,46.9,47.6,48.2,49.2,49.7,50.1,50.7,51.3,52.0,52.6,53.2,54.0,54.7,55.1,56.4,57.0,58.2,58.6,58.5,59.0,60.5,61.7,62.5,63.1,63.8,64.1,65.0,65.1,66.2,66.8,67.1,67.3,67.6,68.0,68.3,68.5,68.9,69.3,69.6,70.0,69.9,70.3,70.6,70.8,71.2,71.5,71.8,72.1,72.4,72.3,72.3,72.6,72.9,73.2,73.6,73.8,74.0,72.9,72.7,73.2
Mexico,MEX,Latin America & Caribbean,Upper middle income,55.0,55.8,56.6,57.3,57.9,58.5,59.0,59.4,59.8,60.3,60.7,61.2,61.6,62.1,62.5,62.8,63.1,63.4,63.8,64.2,64.7,65.3,66.0,66.6,67.3,67.9,68.4,68.8,69.3,69.6,70.0,70.3,70.6,70.9,71.3,71.6,72.0,72.4,72.8,73.2,73.6,73.9,74.1,74.3,74.4,74.4,74.3,74.2,74.2,74.1,74.2,74.4,74.6,74.7,74.8,74.7,74.4,74.1,74.0,74.2,70.1,70.2,74.8
Marshall Islands,MHL,East Asia & Pacific,Upper middle income,53.8,54.3,54.9,55.5,56.0,56.6,57.1,57.5,57.9,58.2,58.5,58.9,59.4,59.7,60.1,60.3,60.5,60.6,60.7,60.9,61.0,61.2,61.4,61.7,61.9,62.1,62.2,62.1,62.2,62.2,62.2,62.3,62.4,62.5,62.6,62.8,63.0,63.2,63.4,63.5,63.3,63.6,63.7,63.7,63.7,63.6,63.5,63.4,63.2,63.2,63.2,63.3,63.4,63.5,63.6,63.8,64.1,64.3,64.5,64.7,65.0,65.3,65.1
Middle income,MIC,,,43.6,46.4,50.0,50.5,51.1,50.8,51.6,52.2,52.9,53.4,53.8,53.9,55.1,55.8,56.3,56.9,57.5,58.1,58.6,59.2,59.7,60.1,60.5,61.0,61.4,61.8,62.2,62.6,62.9,63.2,63.5,63.7,64.1,64.4,64.6,64.9,65.2,65.5,65.9,66.3,66.6,67.0,67.3,67.6,67.8,68.2,68.6,68.8,69.0,69.4,69.7,70.0,70.4,70.7,71.1,71.4,71.6,71.8,72.1,72.3,71.7,70.6,71.3
North Macedonia,MKD,Europe & Central Asia,Upper middle income,56.2,57.8,57.5,56.7,59.0,60.0,62.0,62.1,62.9,63.0,63.7,64.6,65.5,65.9,66.6,67.0,67.7,68.4,69.4,69.7,69.2,69.8,70.0,69.5,70.0,70.1,70.4,70.4,70.8,71.1,71.2,71.8,71.2,71.9,71.7,71.8,72.5,72.4,72.3,72.8,72.9,73.4,73.0,73.2,73.6,73.7,73.9,73.8,74.4,74.4,75.0,75.1,74.9,75.4,75.5,75.4,75.4,76.0,76.6,76.6,74.4,73.2,74.4
Mali,MLI,Sub-Saharan Africa,Low income,29.8,29.8,29.9,30.2,30.4,30.6,30.9,31.2,31.6,32.0,32.5,32.9,33.9,34.6,35.4,36.2,37.2,38.1,39.1,40.0,40.8,41.2,41.8,42.1,42.7,43.2,44.0,44.7,45.4,45.9,46.6,47.2,47.5,47.7,47.7,47.8,47.8,48.5,49.2,49.8,50.5,51.3,52.2,52.9,53.5,54.0,54.6,54.9,55.3,55.9,56.4,56.8,57.1,57.4,57.9,58.4,58.7,59.1,59.4,59.7,58.6,58.9,59.4
Malta,MLT,Middle East & North Africa,High income,68.2,68.0,68.4,67.9,68.8,68.4,68.6,69.0,69.7,68.8,69.1,69.2,70.7,70.5,71.5,71.5,71.5,71.7,71.8,71.9,72.0,72.5,70.8,72.5,72.9,73.1,73.6,74.5,74.7,75.3,75.9,75.4,75.3,76.6,76.5,77.3,77.3,77.7,77.6,77.5,78.3,78.8,78.7,78.5,79.3,79.3,79.4,79.8,79.6,80.2,81.4,80.7,80.7,81.7,82.0,81.9,82.5,82.3,82.4,82.9,82.3,82.5,82.7
Myanmar,MMR,East Asia & Pacific,Lower middle income,43.9,44.4,45.0,45.6,46.5,47.5,48.4,49.3,50.1,50.3,50.7,51.2,51.5,51.9,52.2,52.5,53.0,53.3,53.5,53.9,54.4,54.6,55.0,55.2,55.5,55.6,55.9,56.1,56.1,56.6,56.7,57.0,57.3,57.6,58.0,58.3,58.9,59.2,59.8,59.9,60.2,60.4,60.7,61.0,61.3,61.6,61.9,62.4,56.5,63.2,63.3,63.9,64.1,64.8,65.1,65.6,65.7,65.8,66.5,66.6,66.8,65.7,67.3
Middle East & North Africa (excluding high income),MNA,,,44.6,45.3,45.6,46.8,47.4,48.0,48.6,49.0,49.5,50.1,50.6,51.3,51.9,52.4,53.2,53.8,54.3,55.6,56.1,57.4,57.7,57.6,58.0,59.6,60.9,61.7,62.3,63.0,63.4,64.3,64.4,65.6,66.2,66.5,66.6,67.0,67.4,67.6,67.9,68.3,68.6,69.0,69.3,69.1,69.6,69.9,70.1,70.4,70.7,71.0,71.3,71.5,71.4,71.4,71.7,72.0,72.3,72.8,73.0,73.1,72.2,71.9,72.3
Montenegro,MNE,Europe & Central Asia,Upper middle income,64.9,65.4,65.9,66.8,67.2,68.0,68.9,68.9,69.2,69.0,69.1,69.5,70.4,70.6,71.2,71.2,71.6,71.4,71.1,70.5,71.6,71.2,71.2,71.1,72.8,73.9,74.2,75.1,76.2,75.5,75.6,75.7,74.4,74.6,73.2,74.1,73.5,73.5,73.3,72.6,73.8,74.1,73.9,73.9,74.6,74.0,73.8,74.3,75.1,75.1,76.0,76.0,76.2,76.5,76.4,76.4,76.4,76.5,76.8,76.7,75.9,73.8,76.2
Mongolia,MNG,East Asia & Pacific,Upper middle income,45.0,46.1,47.1,48.1,48.9,49.6,50.2,50.9,51.5,52.0,52.7,53.3,54.0,54.6,55.2,55.7,55.4,55.5,55.5,55.6,55.6,55.7,55.8,56.2,56.7,56.8,56.9,57.4,57.9,58.3,58.8,59.2,59.6,60.0,60.4,60.6,60.3,60.8,61.8,62.5,62.9,63.3,63.5,64.2,64.8,64.9,65.5,66.0,66.4,66.8,67.2,67.4,68.1,68.6,69.0,69.5,69.9,70.2,71.2,71.8,72.1,71.0,72.7
Northern Mariana Islands,MNP,East Asia & Pacific,High income,,,,,,,,,,,,,,,,,,,,,,,,,,,,,,,,,,,,,,,,,,,,,,,,,,,,,,,,,,,,,,,
Mozambique,MOZ,Sub-Saharan Africa,Low income,41.2,41.6,41.8,41.9,41.7,41.7,41.6,41.7,41.7,41.7,41.8,41.7,41.6,41.7,42.1,42.6,42.6,42.7,42.8,42.7,42.8,40.5,40.7,40.8,38.4,38.7,40.7,40.8,43.8,44.1,44.5,44.7,44.9,45.4,45.6,46.0,46.6,47.4,48.0,48.8,49.5,50.1,50.6,50.9,51.2,51.6,52.0,52.6,53.2,53.8,54.2,54.9,55.6,56.5,57.3,58.2,59.0,59.8,60.5,61.2,61.2,59.3,59.6
Mauritania,MRT,Sub-Saharan Africa,Lower middle income,44.8,45.4,46.0,46.7,47.4,48.1,48.7,49.4,50.0,50.6,51.0,51.4,51.7,51.9,52.2,52.7,52.9,53.4,53.9,54.5,55.1,55.7,56.3,56.7,57.2,57.6,58.0,58.6,59.1,59.3,59.8,59.9,60.3,60.4,60.3,60.3,60.1,60.5,60.6,60.8,61.0,61.2,61.3,61.3,61.6,61.7,61.9,62.2,62.4,62.8,63.1,63.3,63.6,63.9,64.2,64.5,64.8,65.1,65.3,65.7,64.5,64.4,64.7
Mauritius,MUS,Sub-Saharan Africa,Upper middle income,55.5,56.5,57.5,58.4,59.1,59.6,59.2,58.3,58.7,59.9,61.0,61.0,60.7,61.1,61.6,62.4,62.9,63.8,64.6,65.3,65.8,66.5,67.0,67.3,67.3,67.5,67.8,68.1,68.4,69.0,69.4,70.0,70.1,70.1,70.2,70.3,70.3,70.4,70.6,71.0,71.7,71.8,72.0,72.1,72.3,72.4,72.4,72.6,72.6,72.9,73.0,73.3,73.9,74.0,74.2,74.4,74.4,74.5,74.4,74.2,74.2,73.7,73.5
Malawi,MWI,Sub-Saharan Africa,Low income,35.2,35.3,35.7,35.6,35.7,35.7,35.9,35.9,36.0,36.3,36.7,37.2,37.9,38.5,39.3,40.2,41.2,42.2,43.3,44.3,45.1,45.7,46.0,46.0,45.6,44.9,44.3,43.8,43.4,43.3,43.3,43.3,43.4,43.4,43.6,43.6,43.4,43.1,42.8,43.6,44.5,45.9,47.2,48.8,50.5,52.0,53.2,53.9,54.6,55.4,56.4,57.5,58.7,59.7,60.9,61.4,62.2,63.0,63.3,64.1,63.7,62.9,62.9
Malaysia,MYS,East Asia & Pacific,Upper middle income,56.5,57.4,58.4,59.3,60.1,61.0,61.4,61.8,62.2,62.6,63.1,63.6,64.1,64.6,65.2,65.7,66.3,66.8,67.3,67.8,68.2,68.9,69.2,69.6,69.9,70.3,70.5,70.7,70.9,71.1,71.3,71.4,71.5,71.8,72.2,72.4,72.3,72.3,72.2,72.3,72.8,73.3,73.6,73.8,73.9,74.1,74.2,74.2,74.3,74.2,74.4,74.7,74.9,75.0,75.1,75.1,75.3,75.5,75.6,75.8,75.9,74.9,76.3
North America,NAC,,,69.9,70.4,70.2,70.0,70.3,70.4,70.4,70.7,70.2,70.7,71.0,71.3,71.3,71.5,72.1,72.7,73.0,73.3,73.5,73.9,73.8,74.2,74.5,74.6,74.7,74.7,74.8,75.0,75.0,75.2,75.4,75.6,75.8,75.6,75.8,75.9,76.2,76.6,76.8,76.8,76.9,77.1,77.2,77.3,77.7,77.7,78.0,78.2,78.3,78.7,78.8,78.9,79.0,79.0,79.1,79.0,78.9,78.9,79.0,79.1,77.5,76.9,77.8
Namibia,NAM,Sub-Saharan Africa,Upper middle income,47.7,48.4,49.1,49.7,50.4,51.0,51.4,52.0,52.6,53.1,53.6,54.2,54.8,55.4,55.9,56.5,57.0,57.6,58.1,58.4,56.8,57.1,57.6,58.0,58.5,59.0,59.6,60.2,60.2,62.6,62.5,62.1,61.5,60.9,59.8,58.6,56.9,55.6,54.1,53.0,52.0,51.3,51.3,51.1,51.2,51.8,52.7,53.7,54.7,55.5,56.0,56.6,57.6,58.7,59.8,60.7,61.7,62.3,62.6,63.1,62.8,59.3,58.1
New Caledonia,NCL,East Asia & Pacific,High income,58.6,59.0,59.4,59.9,60.3,60.8,61.2,61.7,62.1,62.6,63.0,63.5,63.9,64.4,64.8,65.3,65.7,66.2,66.3,66.4,66.6,66.7,66.9,68.6,68.1,68.8,69.1,69.4,69.5,69.1,70.5,70.4,71.6,71.7,70.7,72.0,72.0,71.7,74.4,73.9,75.2,74.8,75.1,75.3,75.5,75.7,76.1,76.5,76.7,77.0,77.3,76.6,77.1,77.2,77.2,77.3,76.9,77.5,80.0,80.4,80.8,79.1,81.0
Niger,NER,Sub-Saharan Africa,Low income,36.4,36.6,36.6,36.7,36.7,36.8,36.8,36.8,36.6,36.4,36.1,35.3,35.6,35.7,36.0,36.6,37.0,37.6,38.5,39.2,39.7,40.2,40.3,40.4,40.1,40.0,40.1,40.4,40.8,41.2,41.9,42.2,42.9,43.8,44.7,45.8,46.7,47.5,48.2,48.7,49.3,49.8,50.6,51.4,52.6,53.6,54.6,55.6,56.5,57.4,58.4,59.0,59.7,60.2,60.8,61.1,61.6,62.2,62.5,62.9,61.5,61.6,62.1
Nigeria,NGA,Sub-Saharan Africa,Lower middle income,37.4,37.7,37.8,38.2,38.4,38.7,38.8,37.6,38.5,38.7,39.7,40.5,41.3,42.0,42.8,43.7,44.7,45.6,46.0,46.2,46.3,46.5,46.5,46.6,46.6,46.3,46.0,46.0,46.1,46.2,46.0,45.7,45.7,45.8,45.5,45.5,45.6,45.8,46.0,46.6,47.2,47.6,47.9,48.4,48.8,49.3,49.7,50.0,50.2,50.7,50.9,51.4,51.5,51.7,51.8,51.8,52.0,52.3,52.6,52.9,52.9,52.7,53.6
Nicaragua,NIC,Latin America & Caribbean,Lower middle income,46.1,46.9,47.6,48.3,49.2,50.2,51.3,52.4,53.5,54.3,55.0,55.3,48.6,55.7,55.9,56.0,56.3,56.2,53.6,50.8,57.9,58.2,58.6,56.8,56.1,56.5,57.8,57.7,60.3,62.5,63.1,63.9,64.3,64.7,65.2,65.6,66.1,66.5,65.2,67.1,67.2,67.2,67.2,67.2,67.4,67.9,68.7,69.6,70.6,71.4,72.0,72.4,72.6,72.7,72.8,73.0,73.3,73.6,73.9,74.1,71.8,73.8,74.6
Netherlands,NLD,Europe & Central Asia,High income,73.4,73.7,73.3,73.3,73.7,73.6,73.5,73.8,73.6,73.5,73.6,73.8,73.7,74.1,74.5,74.5,74.6,75.2,75.1,75.6,75.7,75.9,76.0,76.2,76.2,76.3,76.3,76.7,76.9,76.7,76.9,77.0,77.2,76.9,77.4,77.4,77.4,77.8,77.9,77.8,78.0,78.2,78.3,78.5,79.1,79.3,79.7,80.1,80.3,80.5,80.7,81.2,81.1,81.3,81.7,81.5,81.6,81.8,81.8,82.1,81.4,81.3,81.7
Norway,NOR,Europe & Central Asia,High income,73.5,73.6,73.4,73.1,73.6,73.7,74.0,74.1,73.9,73.7,74.1,74.2,74.3,74.4,74.8,74.8,75.0,75.4,75.4,75.4,75.7,75.9,76.0,76.1,76.2,75.9,76.2,76.1,76.2,76.5,76.5,77.0,77.2,77.2,77.7,77.7,78.2,78.1,78.3,78.3,78.6,78.8,79.0,79.4,79.8,80.0,80.3,80.4,80.6,80.8,81.0,81.3,81.5,81.8,82.1,82.3,82.4,82.6,82.8,83.0,83.2,83.2,82.6
Nepal,NPL,South Asia,Lower middle income,38.6,38.9,39.2,39.5,40.0,40.4,40.9,41.4,41.8,42.3,42.8,43.3,43.7,44.0,44.5,45.0,45.5,46.0,46.7,47.3,47.9,48.4,48.9,49.4,50.2,50.9,51.5,52.5,53.1,54.1,54.8,55.7,56.7,57.6,58.6,59.3,60.0,60.8,61.5,62.1,62.6,63.3,63.3,64.2,64.8,65.5,65.9,66.3,66.4,66.8,66.8,67.3,67.5,68.0,68.1,67.5,68.8,68.9,69.0,69.6,69.2,68.5,70.5
Nauru,NRU,East Asia & Pacific,High income,58.6,58.7,58.9,58.9,59.0,59.3,59.3,59.7,59.8,60.0,60.0,60.3,60.4,60.5,60.9,60.9,61.4,61.5,61.5,61.5,61.6,61.9,61.9,61.8,61.7,61.6,61.5,61.4,61.4,61.4,61.4,61.3,61.2,61.3,61.5,61.3,60.5,59.6,59.2,58.8,58.7,58.3,58.2,58.1,58.1,58.2,58.4,58.5,58.8,59.1,59.6,60.2,60.7,61.2,61.8,62.3,62.7,63.0,63.2,63.5,63.4,63.6,64.0
New Zealand,NZL,East Asia & Pacific,High income,71.2,71.0,71.2,71.3,71.3,71.2,71.1,71.5,71.1,71.5,71.3,71.8,71.8,71.7,71.9,72.2,72.4,72.2,73.0,73.1,72.8,73.6,73.7,73.8,74.4,73.8,74.1,74.2,74.4,74.8,75.4,76.0,76.1,76.4,76.9,76.7,76.8,77.3,78.1,77.9,78.6,78.7,78.8,79.1,79.5,79.9,80.0,80.2,80.4,80.7,80.9,81.2,81.4,81.4,81.5,81.6,81.7,81.9,81.7,82.1,82.3,82.2,82.8
OECD members,OED,,,67.3,67.7,67.7,68.0,68.4,68.6,68.8,69.1,69.0,69.2,69.5,69.8,70.0,70.2,70.6,70.9,71.2,71.6,71.7,72.1,72.2,72.6,72.9,73.1,73.4,73.5,73.8,74.1,74.2,74.4,74.6,74.8,75.1,75.2,75.5,75.5,75.9,76.3,76.5,76.6,76.9,77.2,77.4,77.5,77.9,78.0,78.3,78.5,78.7,78.9,79.1,79.3,79.5,79.7,79.9,79.8,79.9,79.9,80.0,80.2,78.9,78.7,79.6
Oman,OMN,Middle East & North Africa,High income,35.5,36.8,38.2,39.4,40.7,41.9,43.1,44.3,45.5,46.7,47.7,48.9,49.6,50.9,52.1,53.3,55.2,56.3,57.7,59.2,60.4,61.6,63.0,64.2,65.3,66.3,67.0,67.9,68.6,69.2,69.8,70.2,70.7,71.2,71.4,72.0,72.2,72.4,73.0,73.2,73.5,73.8,73.9,74.1,74.3,74.4,74.5,74.5,74.6,74.7,76.3,76.6,77.1,77.2,77.4,77.7,77.9,77.9,78.0,78.0,74.8,72.5,73.9
Other small states,OSS,,,56.5,56.9,57.3,57.3,57.9,58.6,58.9,59.1,59.3,59.5,59.9,60.2,60.5,60.9,59.6,60.1,60.5,60.8,60.7,61.1,61.9,62.3,62.6,62.8,63.4,63.7,64.1,64.6,64.8,65.6,65.6,65.7,65.6,65.8,65.4,65.6,65.9,65.9,65.8,65.6,66.9,67.1,67.3,67.5,67.8,68.1,68.4,68.8,69.3,69.8,70.3,70.7,71.1,71.6,71.9,72.3,72.6,73.0,73.2,73.5,73.2,72.4,72.9
Pakistan,PAK,South Asia,Lower middle income,44.9,45.8,46.6,47.6,48.6,49.4,50.8,51.9,52.9,53.7,54.8,50.4,55.2,55.5,55.5,55.9,56.1,56.3,56.7,57.1,57.6,58.1,58.4,58.9,59.3,59.4,59.5,59.1,59.4,59.6,60.1,60.3,60.1,59.9,60.1,59.9,60.4,60.6,61.1,61.7,62.1,62.4,62.6,62.8,63.1,62.5,63.7,63.9,64.0,64.1,64.4,64.6,64.8,65.2,65.3,65.7,65.9,66.3,66.5,66.8,66.3,66.1,66.4
Panama,PAN,Latin America & Caribbean,High income,60.7,61.5,62.2,62.7,63.2,63.6,63.8,64.1,64.3,64.7,65.1,65.8,66.5,67.1,67.7,68.1,68.4,68.6,68.8,69.0,69.3,69.6,69.9,70.3,70.5,70.7,70.8,70.9,70.9,69.9,71.1,71.2,71.5,71.8,72.1,72.4,72.7,73.0,73.3,73.6,74.0,74.4,74.8,75.2,75.5,75.8,76.0,76.2,76.2,76.3,76.4,76.6,76.8,77.0,77.2,77.5,77.7,77.8,77.9,77.8,76.7,76.2,76.8
Peru,PER,Latin America & Caribbean,Upper middle income,50.5,51.1,51.3,52.2,52.7,53.2,53.7,54.2,54.7,55.3,47.2,56.2,56.7,57.1,57.5,57.9,58.3,58.6,59.0,59.3,59.6,59.8,60.0,60.2,60.5,61.3,62.0,62.8,63.6,64.4,65.1,65.4,66.1,66.7,67.2,67.6,68.1,68.6,69.1,69.7,70.4,71.0,71.7,72.2,72.7,73.0,73.2,73.2,73.4,73.5,73.7,74.1,74.5,75.0,75.3,75.6,75.8,75.9,76.0,76.2,73.7,72.4,73.4
Philippines,PHL,East Asia & Pacific,Lower middle income,59.2,59.6,60.0,60.4,60.5,60.9,61.2,61.4,61.7,61.8,61.7,62.0,61.8,61.6,61.7,61.7,61.6,62.1,62.2,62.3,62.5,62.6,62.8,63.0,63.1,63.5,63.7,64.3,64.9,65.5,65.9,66.3,67.1,67.5,67.9,68.2,68.6,68.9,69.1,69.3,69.4,69.6,69.8,69.9,70.0,70.2,70.3,70.5,70.6,70.6,70.8,70.8,70.9,70.8,71.2,71.3,71.4,71.5,71.7,71.9,72.1,69.3,72.2
Palau,PLW,East Asia & Pacific,High income,,,,,,,,,,,,,,,,,,,,,,,,,,,,,,,69.1,,,,,71.8,,,,,70.5,,,,,69.1,,,,,,,,,,,,,,,,,
Papua New Guinea,PNG,East Asia & Pacific,Lower middle income,45.7,46.3,46.7,47.6,48.2,48.8,49.5,50.1,50.8,51.4,52.1,52.6,53.2,53.9,54.5,55.0,55.6,56.0,56.6,57.0,57.4,57.8,58.1,58.4,58.6,58.9,59.0,59.2,59.3,59.6,59.7,59.9,60.2,60.5,60.8,61.0,61.1,61.4,60.6,61.7,61.7,61.8,61.7,61.8,61.8,61.8,61.9,62.0,62.6,62.8,63.0,63.5,63.7,64.0,64.3,64.7,64.8,65.1,65.2,65.5,65.8,65.4,66.0
Poland,POL,Europe & Central Asia,High income,67.7,67.8,67.4,68.4,68.6,69.4,69.8,69.4,70.2,69.7,69.9,69.6,70.7,70.7,71.1,70.6,70.7,70.4,70.4,70.8,70.1,71.1,71.1,71.0,70.8,70.5,70.8,70.9,71.3,71.0,70.9,70.6,71.1,71.6,71.7,71.9,72.2,72.6,73.0,73.0,73.7,74.2,74.5,74.6,74.8,75.0,75.1,75.2,75.5,75.7,76.2,76.7,76.7,77.0,77.6,77.5,77.9,77.8,77.6,77.9,76.5,75.5,77.3
Pre-demographic dividend,PRE,,,39.9,40.1,40.7,40.9,41.4,41.5,41.8,41.8,42.3,42.6,43.2,43.8,44.1,45.0,45.4,45.9,46.5,47.0,47.3,47.6,47.8,48.0,48.2,48.0,47.7,47.9,48.4,48.0,47.5,48.7,48.7,48.6,48.6,49.1,49.9,49.7,49.7,50.0,49.6,50.7,51.5,51.9,52.4,52.9,53.3,53.9,54.6,55.1,55.6,56.3,56.8,57.4,57.9,58.3,58.8,59.1,59.5,60.0,60.4,60.7,60.2,59.9,60.5
Puerto Rico,PRI,Latin America & Caribbean,High income,68.9,69.3,69.3,69.5,69.7,70.0,70.2,70.5,70.7,71.0,71.0,71.2,71.3,71.6,71.6,71.9,72.3,72.6,72.8,73.0,73.2,73.4,73.5,73.5,73.5,73.1,73.7,73.8,73.9,73.9,73.9,73.9,73.9,74.0,74.1,74.4,74.6,74.9,75.2,75.5,76.0,76.5,76.7,76.9,77.1,77.2,77.4,77.6,77.8,77.9,78.0,78.3,78.5,78.8,78.9,79.7,80.3,79.3,79.8,79.1,78.0,80.2,79.7
"Korea, Dem. People's Rep.",PRK,East Asia & Pacific,Low income,54.1,54.5,55.0,55.6,56.2,56.8,57.6,58.4,59.2,59.9,60.6,61.2,61.8,62.4,63.0,63.5,64.1,64.7,65.2,65.7,66.2,66.7,67.2,67.7,68.2,68.7,69.1,69.4,69.8,70.0,70.2,70.3,70.8,71.9,70.7,60.9,61.0,61.0,60.9,60.8,60.8,60.7,60.8,69.5,69.4,69.3,69.1,68.9,69.0,69.7,70.4,71.0,71.6,72.3,72.9,72.8,72.8,73.0,73.0,73.2,73.3,73.3,73.6
Portugal,PRT,Europe & Central Asia,High income,64.0,62.7,64.2,64.8,65.0,66.0,65.5,66.3,66.7,66.3,67.1,66.8,68.3,67.5,68.0,68.3,68.9,70.0,70.3,71.2,71.2,71.6,72.4,72.3,72.5,72.8,73.3,73.7,73.7,74.3,74.0,74.0,74.3,74.5,74.9,75.3,75.3,75.4,75.7,76.0,76.3,76.8,77.1,77.2,77.7,78.1,78.4,78.3,78.5,78.7,79.0,80.5,80.4,80.7,81.1,81.1,81.1,81.4,81.3,81.7,81.0,81.4,81.6
Paraguay,PRY,Latin America & Caribbean,Upper middle income,60.4,60.8,61.1,61.3,61.6,61.8,62.0,62.2,62.3,62.5,62.7,62.8,62.9,63.1,63.2,63.4,63.7,63.9,64.1,64.4,64.7,65.0,65.4,65.6,66.0,66.3,66.7,67.0,67.3,67.5,67.9,68.2,68.4,68.6,68.8,69.0,69.2,69.3,69.5,69.6,69.8,69.9,70.0,70.3,70.5,70.5,70.8,71.1,71.4,71.6,71.9,72.1,72.5,72.8,72.9,73.2,73.5,73.6,73.6,73.6,73.2,70.3,70.5
West Bank and Gaza,PSE,Middle East & North Africa,Lower middle income,,,,,,,,,,,,,,,,,,,,,,,,,,,,,,,67.9,68.3,68.6,68.9,69.4,69.7,70.1,70.4,70.6,70.9,70.4,69.9,71.0,71.1,71.2,72.1,71.9,72.2,72.4,72.6,73.0,73.2,73.5,74.0,72.6,74.4,74.6,74.8,74.8,75.2,74.4,73.5,73.4
Pacific island small states,PSS,,,54.5,55.1,55.8,56.5,56.7,57.7,58.2,58.7,59.2,59.4,59.8,60.2,60.5,60.4,61.0,61.0,61.7,61.9,62.4,62.7,62.8,63.0,63.2,63.7,64.1,64.5,64.6,64.9,65.3,65.4,65.7,65.9,66.1,66.3,66.5,66.7,66.9,67.0,67.2,67.3,67.3,67.4,67.2,67.5,67.7,67.8,68.0,68.0,68.1,68.0,68.4,68.5,68.6,68.6,68.6,68.6,68.8,69.1,69.2,69.3,69.4,69.2,69.7
Post-demographic dividend,PST,,,68.9,69.3,69.2,69.4,69.9,70.0,70.2,70.5,70.4,70.5,70.7,71.1,71.3,71.4,71.8,72.1,72.4,72.8,72.9,73.2,73.2,73.6,73.9,74.0,74.3,74.4,74.7,75.0,75.1,75.4,75.5,75.6,75.7,75.7,76.0,76.1,76.4,76.8,77.0,77.1,77.3,77.6,77.8,77.9,78.3,78.4,78.8,79.0,79.2,79.5,79.7,80.0,80.1,80.3,80.5,80.4,80.5,80.6,80.7,80.9,80.0,79.7,80.2
French Polynesia,PYF,East Asia & Pacific,High income,59.7,60.0,60.3,60.5,60.8,61.0,61.3,61.6,61.9,62.2,62.4,62.7,62.9,63.2,63.5,63.9,64.4,64.9,65.5,66.2,67.1,68.0,68.9,69.8,70.8,71.6,72.5,72.9,73.5,73.8,74.0,74.1,74.4,74.8,75.3,76.0,76.8,77.7,78.4,79.2,79.5,79.7,79.7,79.7,79.7,79.7,79.8,80.0,80.3,80.7,81.0,81.4,81.8,82.0,82.2,82.4,82.5,82.6,82.8,83.0,82.2,79.5,83.6
Qatar,QAT,Middle East & North Africa,High income,58.9,59.6,60.4,61.2,62.1,62.9,63.6,64.5,65.2,65.9,66.5,67.1,67.6,68.0,68.6,69.0,69.4,69.8,70.2,70.6,70.8,71.3,71.5,71.7,72.2,72.4,72.6,73.0,73.2,73.6,74.0,74.0,74.1,74.2,74.3,74.3,74.7,74.8,74.8,74.8,74.8,75.3,75.4,75.6,76.0,76.1,76.6,77.0,77.4,77.9,78.4,78.9,79.2,79.5,79.8,80.1,80.4,80.7,80.9,81.0,79.1,79.3,81.6
Romania,ROU,Europe & Central Asia,High income,65.9,65.9,65.3,67.1,67.8,67.7,68.9,67.5,67.6,66.7,67.5,68.5,68.5,69.0,69.5,69.6,69.7,69.7,69.5,69.2,69.1,69.4,69.5,69.7,69.7,69.7,69.5,69.2,69.4,69.5,69.7,69.8,69.8,69.6,69.5,69.5,69.1,69.0,69.8,70.5,71.2,71.2,71.0,71.3,71.6,71.9,72.2,72.6,72.6,73.3,73.5,74.4,74.4,75.1,74.9,74.9,75.2,75.2,75.4,75.6,74.3,72.8,75.3
Russian Federation,RUS,Europe & Central Asia,High income,67.5,67.6,67.3,67.8,68.4,67.9,67.9,67.6,67.5,66.9,68.1,68.4,68.3,68.3,68.3,67.7,67.5,67.4,67.4,67.1,67.0,67.3,67.8,67.7,67.2,67.9,69.4,69.4,69.5,69.2,68.9,68.5,66.9,64.9,64.5,64.7,65.9,66.7,67.0,66.0,65.5,65.4,65.1,65.0,65.5,65.5,66.7,67.6,67.9,68.7,68.8,69.7,70.1,70.6,70.7,71.2,71.7,72.5,72.7,73.1,71.3,69.9,72.5
Rwanda,RWA,Sub-Saharan Africa,Low income,47.2,47.7,48.0,44.1,48.2,48.3,48.2,48.1,47.7,47.4,47.2,46.8,46.5,45.9,45.3,44.7,44.6,44.8,45.5,46.7,48.0,49.4,50.7,51.3,51.6,51.7,51.6,51.5,51.0,50.2,48.4,46.5,44.3,42.2,14.1,40.0,40.7,40.6,41.7,44.6,47.1,49.0,51.0,53.4,55.5,57.3,58.7,60.0,61.1,62.0,62.5,63.3,64.0,64.4,64.9,65.3,65.7,65.9,66.3,66.4,66.8,66.1,67.1
South Asia,SAS,,,45.1,45.4,45.8,46.1,46.5,45.6,46.2,46.6,48.1,48.5,48.3,46.7,49.6,50.1,50.6,51.2,51.7,52.2,52.7,53.2,53.8,54.3,54.8,55.4,55.8,56.3,56.8,57.2,57.7,58.1,58.6,58.7,59.4,59.7,60.1,60.5,60.8,61.3,61.9,62.6,62.9,63.3,63.8,64.2,64.5,64.9,65.4,65.6,66.0,66.3,66.8,67.1,67.6,68.1,68.6,69.1,69.6,70.0,70.3,70.5,69.7,67.6,68.2
Saudi Arabia,SAU,Middle East & North Africa,High income,45.9,46.5,47.1,47.6,48.1,48.8,49.3,50.1,50.9,51.8,52.7,53.8,54.8,55.9,57.0,58.1,59.0,59.9,60.9,61.7,62.7,63.5,64.3,65.1,65.7,66.3,66.9,67.4,68.0,68.5,68.9,69.4,69.9,70.3,70.7,71.0,71.3,71.5,71.9,72.1,72.5,73.0,73.3,73.6,74.2,74.6,74.8,75.0,75.3,75.4,75.8,76.2,76.5,76.6,76.8,76.9,77.1,77.2,77.2,77.3,76.2,76.9,77.9
Sudan,SDN,Sub-Saharan Africa,Low income,46.6,47.0,47.4,46.2,49.5,46.9,44.6,45.1,45.5,45.1,45.5,49.6,49.9,53.1,53.2,53.4,53.5,53.6,53.4,53.6,53.9,54.1,54.3,47.5,46.2,46.5,51.5,43.4,35.9,49.3,49.7,50.2,45.9,46.6,56.6,52.0,52.3,52.8,48.8,57.0,58.3,58.6,59.0,58.2,56.8,57.3,60.3,61.3,61.2,62.6,63.0,63.2,63.8,63.7,64.3,64.7,64.8,65.4,65.7,65.9,65.6,65.3,65.6
Senegal,SEN,Sub-Saharan Africa,Lower middle income,39.9,39.9,39.9,39.9,39.9,39.8,40.0,40.1,40.3,40.5,40.8,41.2,41.8,42.6,43.2,44.1,45.1,46.2,47.2,48.2,49.1,49.9,50.6,51.2,52.0,52.8,53.9,54.8,55.8,56.4,56.9,57.1,57.1,57.0,57.0,56.8,56.7,56.6,56.4,56.6,56.9,57.6,58.2,59.1,60.0,60.9,61.8,62.5,63.2,63.9,64.6,65.3,65.5,66.1,66.5,66.9,67.5,67.8,68.1,68.5,68.0,67.1,67.9
Singapore,SGP,East Asia & Pacific,High income,64.7,65.5,66.3,66.7,67.1,67.5,67.8,68.1,68.3,68.7,68.9,69.2,69.3,69.7,70.2,70.8,71.2,71.4,71.5,71.6,72.2,72.6,72.7,73.0,73.3,73.9,74.2,74.5,74.7,74.9,75.3,75.6,75.9,76.0,76.2,76.3,76.6,76.9,77.3,77.6,78.0,78.3,78.6,79.0,79.5,80.0,80.1,80.4,80.8,81.2,81.5,81.7,82.0,82.2,82.5,82.7,82.8,83.1,83.3,83.6,83.5,83.1,82.9
Solomon Islands,SLB,East Asia & Pacific,Lower middle income,47.7,48.4,49.3,50.0,50.9,51.7,52.5,53.2,54.2,55.2,56.1,57.0,57.8,58.6,59.4,58.1,60.7,60.9,61.9,62.4,62.8,63.2,63.5,63.8,64.0,64.3,63.8,64.8,65.0,65.2,65.4,65.6,65.8,66.0,66.2,66.4,66.6,66.7,66.9,67.1,67.2,67.4,67.5,67.6,67.8,67.9,68.1,68.0,68.4,68.5,68.7,68.9,69.1,69.2,69.2,69.6,69.8,70.0,70.2,70.4,70.2,70.3,70.7
Sierra Leone,SLE,Sub-Saharan Africa,Low income,34.0,34.4,34.9,35.3,35.9,36.4,36.9,37.4,37.8,38.2,38.8,39.3,39.8,40.2,40.7,41.2,41.6,42.1,42.5,42.9,43.1,43.4,43.6,43.8,43.9,43.9,43.8,44.0,44.0,44.0,44.1,43.5,43.6,43.6,42.9,42.7,43.7,43.7,42.8,42.1,45.1,45.7,46.4,47.0,47.6,48.2,49.3,50.4,51.5,52.6,53.7,54.6,55.5,56.3,56.4,57.2,58.4,58.7,59.8,60.3,59.8,60.1,60.4
El Salvador,SLV,Latin America & Caribbean,Upper middle income,48.1,48.8,49.6,50.3,50.7,50.9,51.0,50.9,50.8,50.9,51.4,52.2,53.0,54.0,54.7,54.9,54.6,54.0,53.2,52.2,48.0,48.2,51.1,52.2,54.9,57.0,57.7,59.7,61.5,59.7,62.6,63.9,64.7,65.2,65.8,66.3,67.1,67.9,68.5,69.4,69.9,69.6,70.2,70.1,70.3,70.4,70.8,71.1,71.4,71.6,71.8,71.9,71.8,71.8,71.7,71.8,72.0,72.3,72.6,72.6,71.1,70.7,71.5
San Marino,SMR,Europe & Central Asia,High income,,,,,,,,,,,,,,,,,,,,,,,,,,,,,,,,,,,,,,,,,,,,,,,,,,,,,,,,,,,,,,,
Somalia,SOM,Sub-Saharan Africa,Low income,43.5,43.6,43.9,44.1,44.3,44.5,44.8,45.0,45.2,45.4,45.6,45.7,45.9,46.1,43.8,44.2,44.6,46.9,47.0,47.3,47.5,47.7,47.8,48.2,48.5,48.3,48.4,48.9,43.8,46.7,47.1,26.6,27.3,50.6,50.3,50.6,50.4,50.2,50.7,50.5,50.7,50.7,50.7,50.6,50.5,50.7,50.6,50.5,51.1,51.9,50.6,51.3,53.2,53.8,54.3,54.9,55.0,55.7,56.4,57.1,56.0,55.3,56.1
Serbia,SRB,Europe & Central Asia,Upper middle income,63.9,64.1,64.5,64.9,64.8,65.1,65.8,65.4,65.6,65.6,66.1,66.5,67.1,67.5,68.0,68.2,68.5,68.7,68.7,68.6,68.8,68.7,68.7,68.3,68.4,68.8,68.9,69.1,69.5,69.8,70.2,70.6,70.8,71.0,71.3,71.7,71.5,71.6,71.2,69.7,71.6,72.2,72.3,72.4,72.7,72.8,73.4,73.6,73.9,74.0,74.3,74.5,74.8,75.2,75.3,75.3,75.7,75.5,75.9,75.9,74.5,72.8,75.5
Sub-Saharan Africa (excluding high income),SSA,,,41.4,41.7,42.2,42.4,42.9,43.0,43.0,43.2,43.7,43.9,44.4,44.9,45.0,45.7,45.9,46.3,47.0,47.4,47.7,48.2,48.6,48.9,49.2,48.3,48.4,48.6,49.0,49.3,49.0,49.9,49.8,49.7,49.5,49.7,50.0,50.1,50.0,50.2,49.9,50.6,51.3,51.5,51.9,52.4,52.8,53.5,54.2,54.8,55.4,56.2,56.8,57.6,58.1,58.7,59.1,59.6,60.1,60.5,60.9,61.2,60.8,60.2,60.8
South Sudan,SSD,Sub-Saharan Africa,Low income,28.7,28.8,29.1,28.8,33.1,29.3,26.1,26.4,26.7,26.1,26.4,31.6,31.9,36.5,36.5,36.7,36.8,37.3,37.6,37.9,38.4,38.8,39.1,35.5,32.7,33.2,33.6,21.9,12.4,29.7,29.9,30.1,22.7,22.7,44.4,30.9,31.3,32.2,18.4,43.2,46.0,46.9,47.5,50.3,50.9,51.5,52.0,52.9,53.5,53.9,54.8,54.9,55.9,55.8,55.0,55.6,55.5,55.3,56.0,55.9,55.5,55.0,55.6
Sub-Saharan Africa,SSF,,,41.4,41.7,42.2,42.4,42.9,43.0,43.0,43.2,43.7,43.9,44.4,44.9,45.0,45.7,45.9,46.3,47.0,47.4,47.7,48.2,48.6,48.9,49.2,48.3,48.4,48.6,49.0,49.3,49.0,49.9,49.8,49.7,49.5,49.7,50.0,50.1,50.0,50.2,49.9,50.6,51.3,51.5,51.9,52.4,52.8,53.5,54.2,54.8,55.5,56.2,56.8,57.6,58.1,58.7,59.1,59.6,60.1,60.5,60.9,61.2,60.8,60.2,60.8
Small states,SST,,,56.9,57.3,57.8,58.0,58.6,59.2,59.5,59.8,60.1,60.2,60.6,60.9,61.2,61.4,60.8,61.1,61.5,61.7,61.8,62.1,62.7,63.0,63.3,63.5,64.0,64.3,64.6,65.0,65.2,65.8,65.9,66.0,66.0,66.2,66.0,66.2,66.4,66.4,66.4,66.3,67.2,67.4,67.5,67.7,68.0,68.3,68.6,69.0,69.4,69.7,70.2,70.5,70.8,71.2,71.5,71.7,72.1,72.4,72.6,72.8,72.5,71.6,72.2
Sao Tome and Principe,STP,Sub-Saharan Africa,Lower middle income,43.0,44.4,45.9,46.1,47.2,49.0,51.6,54.1,54.9,55.1,56.5,56.8,57.3,57.9,58.0,58.3,58.6,58.8,59.3,59.7,59.7,59.5,59.6,59.4,59.5,59.8,57.5,61.0,61.3,60.2,61.5,61.4,61.3,61.1,61.1,61.1,61.1,61.2,61.2,61.4,61.7,62.0,62.6,63.2,63.7,63.7,64.4,64.7,65.1,65.1,65.2,64.9,65.7,66.3,66.8,67.2,67.5,68.3,68.4,68.5,67.8,67.6,68.8
Suriname,SUR,Latin America & Caribbean,Upper middle income,57.1,57.8,58.5,59.0,59.6,59.5,59.7,59.9,60.1,60.2,60.4,60.4,60.5,60.7,60.8,61.0,61.3,61.5,61.7,61.9,62.0,62.3,62.5,62.6,62.9,63.1,63.0,63.2,63.4,64.0,64.2,64.5,64.7,65.0,65.3,65.3,65.7,65.7,65.6,65.4,65.5,65.5,65.5,65.6,66.4,67.0,67.6,68.2,68.8,69.5,69.9,69.9,69.8,69.7,69.8,70.8,71.6,72.4,72.6,72.2,72.6,70.3,70.3
Slovak Republic,SVK,Europe & Central Asia,High income,70.3,70.7,70.3,70.6,71.0,70.2,70.4,70.9,70.4,69.8,69.7,69.9,70.3,70.0,70.2,70.3,70.5,70.4,70.4,70.7,70.4,70.6,70.7,70.5,70.8,70.7,71.0,71.1,71.2,71.0,70.9,70.9,71.8,72.4,72.3,72.3,72.7,72.7,72.6,72.9,73.1,73.4,73.6,73.6,74.0,73.9,74.2,74.2,74.7,74.9,75.1,76.0,76.1,76.4,76.8,76.6,77.2,77.2,77.3,77.7,76.9,74.6,77.1
Slovenia,SVN,Europe & Central Asia,High income,69.0,69.0,69.0,68.6,68.7,68.4,69.0,69.4,68.9,68.4,68.6,68.8,69.1,69.4,70.2,70.4,70.3,70.6,70.7,70.9,71.1,71.2,71.1,70.5,70.9,71.4,71.8,72.0,72.4,72.7,73.2,73.4,73.3,73.3,73.4,74.0,74.5,74.7,74.8,75.0,75.4,75.8,76.0,76.9,77.2,77.6,78.1,78.6,78.8,79.0,79.4,80.0,80.1,80.3,81.1,80.8,81.2,81.0,81.4,81.5,80.5,80.7,81.3
Sweden,SWE,Europe & Central Asia,High income,73.0,73.5,73.4,73.6,73.7,73.9,74.1,74.1,74.0,74.1,74.6,74.6,74.7,74.9,75.0,75.0,75.0,75.4,75.5,75.5,75.7,76.0,76.3,76.6,76.8,76.7,76.9,77.1,77.0,77.7,77.5,77.7,78.0,78.1,78.7,78.7,79.0,79.2,79.3,79.4,79.6,79.8,79.8,80.1,80.5,80.5,80.7,80.9,81.1,81.4,81.5,81.8,81.7,82.0,82.3,82.2,82.3,82.4,82.6,83.1,82.4,83.1,83.1
Eswatini,SWZ,Sub-Saharan Africa,Lower middle income,45.8,46.2,46.6,46.9,47.3,47.9,48.6,49.1,49.7,50.3,50.8,51.3,51.8,52.5,53.1,53.8,54.7,55.6,56.5,57.3,57.8,58.4,59.0,58.2,60.0,60.8,61.4,62.0,62.7,62.9,63.1,62.7,61.7,60.2,58.3,56.1,53.9,52.0,50.3,48.7,47.3,46.0,44.5,43.3,42.5,42.1,43.1,43.6,44.2,44.6,46.6,48.2,49.8,51.5,53.1,55.0,56.7,57.9,59.4,60.5,59.7,57.1,56.4
Sint Maarten (Dutch part),SXM,Latin America & Caribbean,High income,66.2,65.7,66.8,68.6,68.6,66.4,68.3,69.1,68.8,70.2,71.9,71.4,71.7,72.1,72.3,72.6,72.7,72.3,72.0,71.6,70.9,71.2,72.4,72.6,72.4,72.3,72.2,72.2,72.9,72.5,72.3,72.0,72.5,72.3,72.3,72.4,72.9,73.8,73.5,75.0,74.5,74.5,74.9,74.1,74.2,75.5,75.9,75.4,75.7,75.4,75.1,74.7,74.6,74.9,76.8,77.0,76.6,75.0,75.1,75.4,74.6,74.0,74.4
Seychelles,SYC,Sub-Saharan Africa,High income,,,,,,,,,,,,,,,,,,,,,69.6,70.2,69.3,70.4,69.6,69.7,68.7,68.2,68.7,68.0,68.1,70.7,71.2,69.5,70.7,72.5,71.6,71.2,71.7,72.7,72.8,73.3,71.1,71.0,72.7,72.1,72.2,73.1,73.2,73.1,73.2,72.7,74.3,73.1,73.2,74.3,74.3,74.3,72.8,74.0,77.2,73.4,73.8
Syrian Arab Republic,SYR,Middle East & North Africa,Low income,53.5,54.4,55.1,55.8,56.5,57.1,57.6,58.1,59.1,59.9,60.5,61.4,61.9,60.7,63.1,63.5,63.9,63.8,65.8,66.1,66.4,64.4,61.1,67.8,68.9,68.8,69.2,69.3,69.7,69.8,69.8,70.0,70.3,70.2,70.1,70.4,70.3,70.3,70.2,70.4,70.8,71.6,71.9,72.4,72.5,72.8,73.4,73.7,73.6,73.9,73.9,73.3,66.8,63.8,63.2,65.1,66.0,68.5,70.1,71.8,72.1,72.1,72.3
Turks and Caicos Islands,TCA,Latin America & Caribbean,High income,55.0,55.3,56.3,58.1,60.2,61.1,60.8,59.8,58.5,57.2,56.3,56.3,57.4,60.2,64.5,68.0,69.9,70.6,70.2,69.4,68.7,68.4,68.4,68.6,68.9,69.2,69.6,70.2,70.4,69.9,69.0,68.9,69.6,69.6,68.4,68.3,71.3,72.4,74.0,74.0,73.6,74.1,75.5,75.4,76.8,77.1,76.8,75.9,76.6,77.2,76.2,76.2,77.0,77.0,77.1,76.9,76.9,76.7,76.4,75.3,75.0,74.6,74.9
Chad,TCD,Sub-Saharan Africa,Low income,38.4,38.6,38.8,39.1,39.3,39.1,39.2,39.5,39.9,40.3,40.6,40.2,41.4,41.8,41.8,41.9,42.0,42.3,42.5,42.8,43.1,43.3,43.7,44.2,44.5,45.1,45.2,42.8,45.8,45.9,44.7,45.9,46.1,46.3,46.4,46.7,47.0,47.2,47.2,47.4,47.4,47.9,47.9,48.2,48.2,48.3,48.3,48.8,49.0,49.2,49.6,50.0,50.5,50.8,51.2,51.6,52.1,52.3,52.8,53.3,52.8,52.5,53.0
East Asia & Pacific (IDA & IBRD countries),TEA,,,37.5,43.2,51.1,51.6,52.3,52.2,53.4,54.3,54.8,55.5,56.2,57.0,57.6,58.6,59.2,60.0,60.8,61.6,62.2,62.8,63.4,63.9,64.4,64.8,65.2,65.6,65.9,66.3,66.6,66.9,67.1,67.3,67.8,68.3,68.6,69.0,69.3,69.7,70.1,70.3,70.7,71.3,71.6,72.0,72.1,72.6,73.0,73.2,73.2,73.7,73.9,74.2,74.4,74.7,74.9,75.2,75.4,75.4,75.8,76.0,76.0,75.6,76.2
Europe & Central Asia (IDA & IBRD countries),TEC,,,64.9,65.1,64.9,65.5,66.0,65.9,66.1,65.9,66.0,65.7,66.3,66.5,66.7,66.8,67.0,66.8,66.8,66.8,66.8,66.8,66.9,67.2,67.6,67.6,67.5,67.9,68.8,68.9,68.9,69.0,68.9,68.6,67.8,67.0,67.0,67.0,67.6,68.1,68.5,68.2,68.4,68.6,68.7,68.8,69.1,69.2,69.8,70.3,70.6,71.1,71.4,71.9,72.3,72.7,72.9,73.1,73.4,73.9,74.0,74.3,72.7,72.0,74.0
Togo,TGO,Sub-Saharan Africa,Low income,42.7,42.9,43.2,43.4,43.7,44.0,44.4,44.8,45.3,45.7,46.1,46.6,47.1,47.6,48.1,48.7,49.3,49.8,50.2,50.8,51.2,51.8,52.3,52.6,53.1,53.4,53.7,54.1,54.3,54.4,54.4,54.3,54.3,54.2,54.0,54.0,54.1,54.2,54.2,54.5,54.7,54.9,55.3,55.6,55.6,56.0,56.2,56.5,56.7,57.0,57.3,57.9,58.1,58.7,58.9,59.4,59.6,60.2,60.2,60.9,61.0,61.6,61.6
Thailand,THA,East Asia & Pacific,Upper middle income,51.0,52.4,52.8,53.2,54.0,54.7,55.3,55.8,56.2,56.9,57.7,58.5,59.1,59.8,60.6,61.3,62.0,62.4,62.7,63.2,64.0,64.6,65.2,65.8,66.7,67.6,68.4,69.4,69.7,70.1,70.4,70.7,70.9,71.1,71.2,70.9,71.7,72.5,72.9,72.5,72.3,72.6,72.9,73.2,73.1,73.8,74.9,75.2,75.5,75.8,76.1,76.4,76.8,77.1,77.4,77.7,78.0,78.4,78.7,79.0,79.3,78.7,79.7
Tajikistan,TJK,Europe & Central Asia,Lower middle income,53.6,54.0,54.3,54.5,54.8,55.1,55.3,55.7,56.1,56.5,56.8,57.2,57.6,57.9,58.4,58.9,59.2,59.4,59.5,59.6,59.5,59.5,59.7,59.8,60.1,60.4,60.8,61.3,61.8,62.0,61.9,61.4,55.1,52.9,57.5,59.3,59.1,60.3,61.5,62.6,63.3,64.1,64.8,65.6,66.0,66.5,67.0,67.2,67.7,68.0,67.7,68.1,68.5,68.9,69.1,69.3,69.5,69.9,70.4,70.9,68.0,71.6,71.3
Turkmenistan,TKM,Europe & Central Asia,Upper middle income,53.5,53.9,54.3,54.8,55.2,55.5,55.9,56.4,56.7,57.2,57.7,58.0,58.4,58.8,59.3,59.5,59.7,59.9,60.3,60.6,61.0,61.5,61.6,61.8,62.3,62.5,63.0,63.4,63.7,63.8,63.9,64.0,63.9,63.8,63.8,63.7,63.6,63.6,64.1,64.5,65.0,65.2,65.4,65.7,66.1,66.1,66.5,66.9,67.4,68.0,68.3,68.6,68.7,68.7,68.6,68.8,68.8,68.9,68.8,69.0,68.7,69.3,69.4
Latin America & the Caribbean (IDA & IBRD countries),TLA,,,54.7,55.2,55.7,56.1,56.6,57.0,57.4,57.8,58.2,58.6,58.6,59.5,59.8,60.4,60.8,61.4,61.6,62.2,62.5,62.9,63.3,63.8,64.2,64.7,65.2,65.5,66.1,66.5,67.0,67.3,67.6,68.0,68.3,68.7,69.0,69.4,69.7,70.1,70.4,70.8,71.1,71.3,71.7,71.9,72.2,72.6,72.8,72.9,73.2,73.4,73.3,73.8,74.0,74.3,74.5,74.5,74.5,74.7,74.8,75.0,72.9,72.1,73.6
Timor-Leste,TLS,East Asia & Pacific,Lower middle income,32.2,32.6,33.0,33.3,33.6,34.4,35.0,35.7,36.2,36.7,37.2,37.7,38.3,39.0,36.9,24.8,26.0,24.4,21.8,22.5,28.4,29.6,30.8,31.6,33.8,33.8,34.3,35.6,35.8,44.6,45.0,45.0,46.3,47.3,48.3,48.0,48.8,49.5,49.1,45.7,58.6,59.4,60.1,60.9,61.6,62.3,63.1,63.7,64.3,64.9,65.3,65.7,66.1,66.4,66.8,67.1,67.4,67.7,68.0,68.3,68.5,67.7,69.1
Middle East & North Africa (IDA & IBRD countries),TMN,,,44.6,45.3,45.6,46.8,47.4,48.0,48.6,49.0,49.5,50.1,50.6,51.3,51.9,52.4,53.2,53.8,54.3,55.6,56.1,57.4,57.7,57.6,58.0,59.6,60.9,61.7,62.3,63.0,63.4,64.3,64.3,65.6,66.1,66.4,66.6,66.9,67.3,67.6,67.8,68.3,68.6,69.0,69.3,69.1,69.6,69.9,70.1,70.4,70.7,71.0,71.3,71.5,71.4,71.4,71.7,72.0,72.2,72.7,73.0,73.1,72.1,71.9,72.3
Tonga,TON,East Asia & Pacific,Upper middle income,58.2,58.6,59.1,59.6,60.1,60.6,61.1,61.7,62.2,62.7,63.2,63.7,64.0,64.2,64.6,64.8,65.1,65.3,65.6,65.8,66.0,66.1,66.1,66.4,66.5,66.6,66.8,66.9,67.0,67.2,67.3,67.5,67.7,67.9,68.0,68.2,68.3,68.5,68.6,68.8,69.0,69.1,69.3,69.5,69.7,69.8,69.9,70.0,70.2,70.0,70.3,70.4,70.4,70.5,70.5,70.6,70.7,70.7,70.8,70.9,70.9,71.0,71.3
South Asia (IDA & IBRD),TSA,,,45.1,45.4,45.8,46.1,46.5,45.6,46.2,46.6,48.1,48.5,48.3,46.7,49.6,50.1,50.6,51.2,51.7,52.2,52.7,53.2,53.8,54.3,54.8,55.4,55.8,56.3,56.8,57.2,57.7,58.1,58.6,58.7,59.4,59.7,60.1,60.5,60.8,61.3,61.9,62.6,62.9,63.3,63.8,64.2,64.5,64.9,65.4,65.6,66.0,66.3,66.8,67.1,67.6,68.1,68.6,69.1,69.6,70.0,70.3,70.5,69.7,67.6,68.2
Sub-Saharan Africa (IDA & IBRD countries),TSS,,,41.4,41.7,42.2,42.4,42.9,43.0,43.0,43.2,43.7,43.9,44.4,44.9,45.0,45.7,45.9,46.3,47.0,47.4,47.7,48.2,48.6,48.9,49.2,48.3,48.4,48.6,49.0,49.3,49.0,49.9,49.8,49.7,49.5,49.7,50.0,50.1,50.0,50.2,49.9,50.6,51.3,51.5,51.9,52.4,52.8,53.5,54.2,54.8,55.5,56.2,56.8,57.6,58.1,58.7,59.1,59.6,60.1,60.5,60.9,61.2,60.8,60.2,60.8
Trinidad and Tobago,TTO,Latin America & Caribbean,High income,63.0,62.9,63.4,63.8,63.8,64.1,64.4,64.8,64.7,64.7,65.1,65.3,64.9,65.6,66.8,66.8,66.3,66.6,67.4,67.8,67.6,67.7,67.6,67.9,67.6,67.5,68.3,68.3,68.4,68.4,68.3,68.9,68.4,68.8,68.5,69.2,69.0,68.7,69.2,68.4,69.1,69.6,70.5,69.7,71.1,71.3,71.3,71.7,71.5,73.1,72.7,73.3,73.7,74.0,74.2,74.5,74.3,74.2,73.8,74.2,74.4,73.0,74.7
Tunisia,TUN,Middle East & North Africa,Lower middle income,43.9,44.1,45.5,46.5,47.4,48.4,49.3,50.5,51.6,52.5,53.9,54.8,56.1,57.2,58.3,59.5,60.4,61.5,62.3,63.2,64.0,64.7,65.4,66.1,66.8,67.6,68.2,68.9,69.6,69.7,70.1,70.5,70.7,71.2,71.6,72.0,72.4,72.9,73.2,73.5,73.7,73.8,74.1,74.3,74.5,74.8,74.9,75.1,75.2,75.3,75.4,75.5,75.6,75.7,75.7,75.7,75.8,75.8,76.0,76.0,75.3,73.8,74.3
Turkiye,TUR,Europe & Central Asia,Upper middle income,50.7,51.6,52.4,53.2,53.7,54.3,54.7,55.4,55.8,56.4,56.9,57.4,58.1,58.5,59.1,59.5,60.0,60.7,61.4,61.9,62.5,63.0,63.6,64.1,64.7,65.2,65.8,66.3,66.8,67.2,67.7,68.2,68.5,68.9,69.3,69.6,70.1,70.6,71.0,70.7,71.9,72.2,72.6,72.9,73.2,73.5,73.8,74.2,74.5,74.8,75.1,74.9,75.7,76.3,76.6,76.6,76.7,77.1,77.6,77.8,75.9,76.0,78.5
Tuvalu,TUV,East Asia & Pacific,Upper middle income,46.4,47.3,48.2,49.1,50.0,50.9,51.8,52.6,53.4,54.2,54.9,55.7,54.4,57.2,57.9,58.5,59.2,59.7,60.1,60.5,60.8,61.1,61.3,61.5,61.5,61.6,61.6,61.4,61.4,61.5,61.7,61.9,60.5,62.7,62.9,63.1,63.2,63.4,63.4,63.4,63.5,63.5,63.6,63.6,63.7,63.8,63.9,63.9,63.9,63.9,64.0,64.0,64.0,64.0,64.0,64.1,64.1,64.1,64.2,64.3,64.4,64.5,64.9
Tanzania,TZA,Sub-Saharan Africa,Lower middle income,42.9,43.1,43.3,43.5,43.7,44.0,44.4,44.8,45.4,46.0,46.5,46.9,47.3,48.0,48.3,48.7,49.2,49.8,50.3,50.9,51.2,51.5,51.5,51.5,51.5,51.6,51.7,51.7,51.8,51.7,51.5,51.3,51.0,50.9,50.8,50.8,50.7,50.6,50.9,51.7,52.4,53.2,53.9,54.9,55.6,56.3,56.9,57.5,58.1,58.9,60.1,61.0,62.0,63.0,63.9,64.7,65.4,66.0,66.5,67.0,66.4,66.2,66.8
Uganda,UGA,Sub-Saharan Africa,Low income,45.5,46.3,47.0,47.4,47.9,48.2,48.3,49.0,49.2,49.5,49.6,46.9,47.0,46.8,46.6,46.3,45.9,45.5,45.2,45.0,42.9,43.1,43.2,43.5,43.8,45.4,45.3,46.6,46.7,46.5,46.4,46.3,46.4,46.2,46.4,46.6,46.7,47.0,47.2,47.8,48.3,49.0,49.6,50.4,51.5,53.0,54.4,55.2,55.8,56.5,57.1,58.0,58.8,59.8,60.4,61.1,61.6,62.1,62.7,63.0,62.9,62.7,63.6
Ukraine,UKR,Europe & Central Asia,Upper middle income,69.5,69.6,69.3,69.8,70.2,69.9,69.7,69.6,69.6,69.0,68.8,69.0,68.9,69.0,68.9,69.0,69.0,68.8,68.8,68.5,68.3,68.6,68.9,68.8,68.5,68.6,70.1,70.5,70.5,70.5,70.1,69.3,68.8,68.1,67.5,66.7,67.0,67.6,68.4,68.0,67.7,67.8,68.3,68.2,68.2,68.0,68.1,68.2,68.3,69.2,70.3,70.8,70.9,71.2,71.2,71.2,71.5,71.8,71.6,71.8,71.2,69.6,68.6
Upper middle income,UMC,,,41.9,46.5,52.5,53.1,53.8,53.8,54.8,55.5,56.1,56.6,57.2,58.0,58.7,59.5,60.1,60.7,61.4,62.0,62.5,63.1,63.6,64.0,64.5,65.0,65.5,65.9,66.3,66.7,66.9,67.3,67.4,67.7,68.1,68.5,68.7,69.1,69.4,69.7,70.1,70.3,70.7,71.2,71.5,71.7,71.9,72.4,72.7,72.9,73.1,73.5,73.8,74.1,74.4,74.7,74.9,75.1,75.3,75.5,75.8,76.0,75.3,74.9,75.7
Uruguay,URY,Latin America & Caribbean,High income,67.8,67.9,68.0,68.1,68.2,68.3,68.4,68.6,68.7,68.8,68.9,69.0,68.9,69.1,69.2,69.3,69.5,69.7,70.0,70.3,70.6,70.9,71.2,71.5,71.8,72.1,72.4,72.6,72.8,73.0,73.2,73.3,73.4,73.6,73.7,73.9,74.1,74.3,74.5,74.8,75.0,75.3,75.5,75.8,76.0,76.2,76.4,76.5,76.6,76.7,76.9,77.0,77.1,77.2,77.4,77.5,77.6,77.6,77.6,77.5,78.4,75.4,78.0
United States,USA,North America,High income,69.8,70.3,70.1,69.9,70.2,70.2,70.2,70.6,70.0,70.5,70.8,71.1,71.2,71.4,72.0,72.6,72.9,73.3,73.4,73.8,73.6,74.0,74.4,74.5,74.6,74.6,74.6,74.8,74.8,75.0,75.2,75.4,75.6,75.4,75.6,75.6,76.0,76.4,76.6,76.6,76.6,76.8,76.9,77.0,77.5,77.5,77.7,78.0,78.0,78.4,78.5,78.6,78.7,78.7,78.8,78.7,78.5,78.5,78.6,78.8,77.0,76.3,77.4
Uzbekistan,UZB,Europe & Central Asia,Lower middle income,57.5,57.8,58.1,58.4,58.8,59.2,59.5,59.8,60.2,60.7,60.9,61.3,61.6,61.7,62.0,62.2,62.5,62.3,62.6,62.7,63.0,63.3,63.6,63.8,64.0,64.3,64.7,65.0,65.1,65.3,65.3,65.1,65.1,64.8,64.7,64.6,64.7,64.8,65.0,65.4,65.7,66.1,66.6,67.0,67.4,67.5,67.9,68.3,68.8,68.9,69.2,69.6,69.9,70.0,70.2,70.5,70.8,71.0,71.1,71.3,70.3,70.9,71.7
St. Vincent and the Grenadines,VCT,Latin America & Caribbean,Upper middle income,56.4,57.9,59.5,61.1,62.7,64.3,65.7,66.7,67.5,68.2,68.6,68.7,68.5,68.6,69.1,69.4,69.4,69.7,69.6,69.8,70.2,70.4,70.4,71.0,71.2,71.5,71.6,72.0,72.4,72.7,72.4,72.9,72.6,72.5,71.9,72.1,71.3,70.9,71.1,71.3,71.4,71.9,72.2,72.4,73.0,73.5,74.0,74.7,75.1,75.1,74.7,74.6,74.1,73.8,74.5,74.4,74.3,74.3,74.1,72.8,72.1,69.6,69.0
"Venezuela, RB",VEN,Latin America & Caribbean,,58.6,59.4,59.5,60.2,60.6,61.2,61.8,62.3,62.9,63.2,64.3,64.9,65.4,65.9,66.5,67.1,67.6,68.0,68.3,68.6,68.8,69.4,69.7,70.2,70.4,70.6,71.0,71.0,71.3,71.3,71.5,71.8,71.8,71.9,71.9,72.1,72.1,72.7,72.7,72.3,72.5,71.2,72.7,71.9,72.5,72.8,72.7,73.1,72.4,72.6,72.9,72.9,73.0,73.2,72.9,73.0,72.1,71.9,72.0,72.2,71.1,70.6,71.1
British Virgin Islands,VGB,Latin America & Caribbean,High income,59.6,60.2,61.6,63.5,64.6,65.2,65.3,65.1,65.0,65.5,66.6,67.1,67.1,67.8,68.0,67.8,68.1,68.2,67.6,67.5,67.7,68.4,69.9,70.9,72.1,73.4,73.7,73.5,73.7,74.0,73.9,72.9,73.3,74.0,73.6,74.2,74.6,74.4,74.9,74.4,74.0,73.8,73.9,74.0,74.3,74.7,74.9,75.0,75.0,75.3,75.4,75.5,75.5,75.6,75.6,75.7,75.7,74.8,75.8,75.9,75.8,74.5,76.4
Virgin Islands (U.S.),VIR,Latin America & Caribbean,High income,63.7,63.8,63.7,63.4,64.6,65.3,64.9,65.2,65.6,65.8,65.8,66.2,66.4,67.1,67.3,67.5,67.7,67.9,68.0,68.2,68.5,68.7,69.1,69.3,69.5,69.7,70.0,70.3,70.8,71.0,71.3,71.5,71.7,71.8,72.0,72.0,72.4,72.2,72.3,72.2,76.6,77.6,77.5,77.5,77.8,77.4,78.3,76.9,77.2,77.5,77.9,78.3,78.5,78.7,78.9,79.0,79.2,79.4,79.5,79.7,79.8,80.1,80.3
Viet Nam,VNM,East Asia & Pacific,Lower middle income,59.7,60.3,60.1,58.7,59.3,58.7,58.5,58.2,54.1,56.2,56.2,56.7,53.1,56.8,55.8,62.9,64.8,65.0,65.5,66.0,66.2,66.6,67.1,67.1,67.3,67.6,68.0,68.4,68.5,69.1,69.2,69.8,70.0,70.6,70.8,71.4,71.5,71.8,72.1,72.3,72.5,72.6,72.8,73.0,73.1,73.3,73.3,73.4,73.4,73.5,73.5,73.7,73.7,73.8,73.9,73.9,73.9,74.0,74.0,74.1,75.4,73.6,74.6
Vanuatu,VUT,East Asia & Pacific,Lower middle income,49.6,50.2,50.7,51.2,51.7,52.3,52.9,53.4,54.0,54.6,55.2,55.8,56.3,57.0,57.5,58.1,58.7,59.2,59.8,60.4,61.1,61.8,62.5,63.2,63.9,64.2,65.1,64.6,66.0,66.1,66.7,67.2,67.4,67.5,67.7,67.9,68.6,68.7,68.8,68.2,69.0,69.0,69.2,69.3,69.3,69.4,69.5,69.5,69.6,69.7,69.6,69.6,69.5,69.5,69.5,69.5,69.7,69.7,69.8,69.9,70.3,70.4,70.5
World,WLD,,,50.9,52.8,55.2,55.5,56.0,55.9,56.4,56.8,57.2,57.5,57.8,58.0,58.8,59.3,59.7,60.2,60.6,61.1,61.5,61.9,62.2,62.6,63.0,63.2,63.5,63.8,64.2,64.5,64.7,65.0,65.2,65.3,65.6,65.8,66.0,66.2,66.5,66.8,67.1,67.4,67.7,68.1,68.3,68.6,68.9,69.2,69.6,69.8,70.0,70.4,70.7,71.0,71.3,71.6,71.9,72.1,72.3,72.5,72.8,73.0,72.2,71.3,72.0
Samoa,WSM,East Asia & Pacific,Lower middle income,54.7,55.3,55.9,56.5,53.6,57.5,57.9,58.6,59.1,59.6,60.2,60.7,61.2,61.7,62.3,62.8,63.2,63.6,64.0,64.4,64.7,65.1,65.4,65.7,66.0,66.3,66.6,66.9,67.2,67.5,67.7,67.9,68.4,68.7,69.0,69.3,69.6,69.9,70.2,70.5,70.7,71.0,71.3,71.5,71.7,71.8,72.0,72.1,72.2,70.1,72.2,72.3,72.2,72.4,72.5,72.5,72.5,72.6,72.6,72.2,72.8,72.8,72.6
Kosovo,XKX,Europe & Central Asia,Upper middle income,61.5,61.8,62.1,62.4,62.7,63.0,63.3,63.7,63.9,64.3,64.6,64.9,65.2,65.5,65.8,66.1,66.4,66.7,67.1,67.4,67.7,68.0,68.3,68.6,69.0,69.3,69.6,69.9,70.3,70.6,70.9,71.2,71.5,71.8,72.1,72.4,72.8,73.1,71.3,69.4,74.1,74.4,74.7,75.0,75.3,75.6,75.6,76.5,77.4,77.7,77.6,77.7,78.3,78.6,78.9,78.9,79.0,78.8,78.7,79.0,76.6,76.8,79.5
"Yemen, Rep.",YEM,Middle East & North Africa,Low income,33.7,34.1,33.6,33.2,34.7,35.4,36.1,36.9,37.8,39.5,40.5,41.5,42.5,43.3,44.3,45.2,46.2,47.3,48.4,49.4,50.7,51.7,52.4,53.9,54.9,55.7,53.8,57.1,57.8,58.2,58.7,59.0,59.4,59.9,59.7,60.5,60.6,61.1,61.4,62.0,62.6,63.2,63.9,64.5,65.0,65.5,66.0,66.6,67.0,67.2,67.3,67.4,67.3,67.5,67.4,65.9,66.1,66.0,64.6,65.1,64.7,63.8,63.7
South Africa,ZAF,Sub-Saharan Africa,Upper middle income,52.7,53.1,53.4,53.6,53.9,54.2,54.4,54.6,54.9,55.2,55.6,56.0,56.3,56.7,57.1,57.5,58.0,58.5,59.0,59.4,59.8,60.4,60.9,61.5,61.9,62.4,62.9,63.0,63.3,63.3,63.4,63.3,63.3,63.0,62.6,62.3,61.5,60.8,60.0,59.2,58.5,57.3,55.7,54.3,54.0,54.0,54.3,55.0,56.0,57.4,58.9,60.7,61.8,62.5,63.4,64.0,64.7,65.4,65.7,66.2,65.3,62.3,61.5
Zambia,ZMB,Sub-Saharan Africa,Lower middle income,49.0,49.5,49.8,50.1,49.8,50.6,50.7,50.8,50.9,51.1,51.5,52.0,52.6,53.3,53.9,54.2,54.6,54.7,54.6,54.4,54.1,54.0,53.9,53.4,52.8,51.9,51.1,50.3,49.5,48.7,47.9,47.1,46.5,46.2,45.9,45.6,45.2,44.9,44.7,44.7,45.2,46.0,47.0,48.3,49.5,50.7,51.8,52.7,53.9,55.3,56.8,57.8,58.9,59.9,60.7,61.2,61.8,62.1,62.3,62.8,62.4,61.2,61.8
Zimbabwe,ZWE,Sub-Saharan Africa,Lower middle income,53.2,53.6,54.1,54.5,55.0,55.5,55.9,56.2,56.5,56.7,57.0,57.2,57.4,57.4,57.5,57.6,56.9,56.3,54.6,55.0,58.7,59.3,59.9,60.2,61.1,61.6,62.0,61.8,61.3,60.4,59.4,58.1,56.4,54.4,52.6,50.5,49.0,48.0,46.8,45.2,44.7,42.0,44.6,43.4,44.5,44.8,45.4,45.6,46.7,48.1,50.7,53.3,55.6,57.5,58.8,59.6,60.3,60.7,61.4,61.3,61.1,59.3,59.4
